Stage_7744_Desc,aUVe,g关卡_Stage_A.csv,885,Stage,Desc,,它们在黑暗中扭曲、融合，然后被小心翼翼地保管在造像里。\n这是一次蓄谋已久的重逢。,それらは闇の中で捻じれ、溶け合い、そして慎重に像の中へと封じられる。\nそれは、長い時を経て仕組まれた再会だった。
Stage_7744_Name,aUVf,g关卡_Stage_A.csv,885,Stage,Name,,深海之遗·间隙Ⅰ,深海の遺産・隙間Ⅰ
Stage_8146_Desc,aVud,g关卡_Stage_A.csv,886,Stage,Desc,,来历不明的造像在黑暗中游荡、战栗。\n它们踏着古老的节拍，循着来自远方的笛声起舞。,出自不明の像は、闇を彷徨い、震えている。\n彼らは古の拍子に足を揃え、遥かなる笛の音に導かれ舞い踊る。
Stage_8146_Name,aVue,g关卡_Stage_A.csv,886,Stage,Name,,深海之遗·间隙Ⅱ,深海の遺産・隙間Ⅱ
Stage_7666_Desc,aUCi,g关卡_Stage_A.csv,887,Stage,Desc,,「门」即将开启，你从中窥见一部分真理。\n不是黑色，也不是白色——真理是彩色的，也是浑浊的。,「門」がまもなく開かれ、君はその隙間から一片の心理を垣間見る。\nそれは黒でも白でもないーー心理とは、色鮮やかで、混沌としている。
Stage_7666_Name,aUCj,g关卡_Stage_A.csv,887,Stage,Name,,深海之遗·间隙Ⅲ,深海の遺産・隙間Ⅲ
Stage_7746_Desc,aUVk,g关卡_Stage_A.csv,888,Stage,Desc,,「门」已被开启，幻梦即将清醒。\n嘘……不可注视，不可谛听。,「門」はすでに開かれ、幻夢はまもなく覚める。\n静かにーー見つめてはならない、耳を傾けてはならない。
Stage_7746_Name,aUVl,g关卡_Stage_A.csv,888,Stage,Name,,深海之遗·间隙Ⅳ,深海の遺産・隙間Ⅳ
Stage_7873_Desc,aVen,g关卡_Stage_A.csv,889,Stage,Desc,,它们在黑暗中扭曲、融合，然后被小心翼翼地保管在造像里。\n这是一次蓄谋已久的重逢。,それらは闇の中で捻じれ、溶け合い、そして慎重に像の中へと封じられる。\nそれは、長い時を経て仕組まれた再会だった。
Stage_7873_Name,aVeo,g关卡_Stage_A.csv,889,Stage,Name,,深海之遗·间隙Ⅴ,深海の遺産・隙間Ⅴ
Stage_8070_Desc,aVpM,g关卡_Stage_A.csv,890,Stage,Desc,,它们在黑暗中扭曲、融合，然后被小心翼翼地保管在造像里。\n这是一次蓄谋已久的重逢。,それらは闇の中で捻じれ、溶け合い、そして慎重に像の中へと封じられる。\nそれは、長い時を経て仕組まれた再会だった。
Stage_8070_Name,aVpN,g关卡_Stage_A.csv,890,Stage,Name,,深海之遗·间隙Ⅵ,深海の遺産・隙間Ⅵ
Stage_8203_Desc,aVxs,g关卡_Stage_A.csv,891,Stage,Desc,,来历不明的造像在黑暗中游荡、战栗。\n它们踏着古老的节拍，循着来自远方的笛声起舞。,出自不明の像は、闇を彷徨い、震えている。\n彼らは古の拍子に足を揃え、遥かなる笛の音に導かれ舞い踊る。
Stage_8203_Name,aVxt,g关卡_Stage_A.csv,891,Stage,Name,,深海之遗·间隙Ⅶ,深海の遺産・隙間Ⅶ
Stage_7935_Desc,aVhX,g关卡_Stage_A.csv,892,Stage,Desc,,来历不明的造像在黑暗中游荡、战栗。\n它们踏着古老的节拍，循着来自远方的笛声起舞。,出自不明の像は、闇を彷徨い、震えている。\n彼らは古の拍子に足を揃え、遥かなる笛の音に導かれ舞い踊る。
Stage_7935_Name,aVhY,g关卡_Stage_A.csv,892,Stage,Name,,深海之遗·间隙Ⅷ,深海の遺産・隙間Ⅷ
Stage_7921_Desc,aVhh,g关卡_Stage_A.csv,893,Stage,Desc,,它们在黑暗中扭曲、融合，然后被小心翼翼地保管在造像里。\n这是一次蓄谋已久的重逢。,それらは闇の中で捻じれ、溶け合い、そして慎重に像の中へと封じられる。\nそれは、長い時を経て仕組まれた再会だった。
Stage_7921_Name,aVhi,g关卡_Stage_A.csv,893,Stage,Name,,血肉之沼·间隙Ⅰ,血肉の沼・隙間Ⅰ
Stage_7951_Desc,aViT,g关卡_Stage_A.csv,894,Stage,Desc,,来历不明的造像在黑暗中游荡、战栗。\n它们踏着古老的节拍，循着来自远方的笛声起舞。,出自不明の像は、闇を彷徨い、震えている。\n彼らは古の拍子に足を揃え、遥かなる笛の音に導かれ舞い踊る。
Stage_7951_Name,aViU,g关卡_Stage_A.csv,894,Stage,Name,,血肉之沼·间隙Ⅱ,血肉の沼・隙間Ⅱ
Stage_8168_Desc,aVvr,g关卡_Stage_A.csv,895,Stage,Desc,,「门」即将开启，你从中窥见一部分真理。\n不是黑色，也不是白色——真理是彩色的，也是浑浊的。,「門」がまもなく開かれ、君はその隙間から一片の心理を垣間見る。\nそれは黒でも白でもないーー心理とは、色鮮やかで、混沌としている。
Stage_8168_Name,aVvs,g关卡_Stage_A.csv,895,Stage,Name,,血肉之沼·间隙Ⅲ,血肉の沼・隙間Ⅲ
Stage_7797_Desc,aUYh,g关卡_Stage_A.csv,896,Stage,Desc,,「门」已被开启，幻梦即将清醒。\n嘘……不可注视，不可谛听。,「門」はすでに開かれ、幻夢はまもなく覚める。\n静かにーー見つめてはならない、耳を傾けてはならない。
Stage_7797_Name,aUYi,g关卡_Stage_A.csv,896,Stage,Name,,血肉之沼·间隙Ⅳ,血肉の沼・隙間Ⅳ
Stage_7981_Desc,aVkL,g关卡_Stage_A.csv,897,Stage,Desc,,它们在黑暗中扭曲、融合，然后被小心翼翼地保管在造像里。\n这是一次蓄谋已久的重逢。,それらは闇の中で捻じれ、溶け合い、そして慎重に像の中へと封じられる。\nそれは、長い時を経て仕組まれた再会だった。
Stage_7981_Name,aVkM,g关卡_Stage_A.csv,897,Stage,Name,,血肉之沼·间隙Ⅴ,血肉の沼・隙間Ⅴ
Stage_8033_Desc,aVnL,g关卡_Stage_A.csv,898,Stage,Desc,,它们在黑暗中扭曲、融合，然后被小心翼翼地保管在造像里。\n这是一次蓄谋已久的重逢。,それらは闇の中で捻じれ、溶け合い、そして慎重に像の中へと封じられる。\nそれは、長い時を経て仕組まれた再会だった。
Stage_8033_Name,aVnM,g关卡_Stage_A.csv,898,Stage,Name,,血肉之沼·间隙Ⅵ,血肉の沼・隙間Ⅵ
Stage_7650_Desc,aUBm,g关卡_Stage_A.csv,899,Stage,Desc,,来历不明的造像在黑暗中游荡、战栗。\n它们踏着古老的节拍，循着来自远方的笛声起舞。,出自不明の像は、闇を彷徨い、震えている。\n彼らは古の拍子に足を揃え、遥かなる笛の音に導かれ舞い踊る。
Stage_7650_Name,aUBn,g关卡_Stage_A.csv,899,Stage,Name,,血肉之沼·间隙Ⅶ,血肉の沼・隙間Ⅶ
Stage_7879_Desc,aVeL,g关卡_Stage_A.csv,900,Stage,Desc,,来历不明的造像在黑暗中游荡、战栗。\n它们踏着古老的节拍，循着来自远方的笛声起舞。,出自不明の像は、闇を彷徨い、震えている。\n彼らは古の拍子に足を揃え、遥かなる笛の音に導かれ舞い踊る。
Stage_7879_Name,aVeM,g关卡_Stage_A.csv,900,Stage,Name,,血肉之沼·间隙Ⅷ,血肉の沼・隙間Ⅷ
Stage_7639_Desc,aUzP,g关卡_Stage_A.csv,901,Stage,Desc,,它们在黑暗中扭曲、融合，然后被小心翼翼地保管在造像里。\n这是一次蓄谋已久的重逢。,それらは闇の中で捻じれ、溶け合い、そして慎重に像の中へと封じられる。\nそれは、長い時を経て仕組まれた再会だった。
Stage_7639_Name,aUzQ,g关卡_Stage_A.csv,901,Stage,Name,,超维之旅·间隙Ⅰ,超次元の旅・隙間Ⅰ
Stage_8173_Desc,aVvG,g关卡_Stage_A.csv,902,Stage,Desc,,来历不明的造像在黑暗中游荡、战栗。\n它们踏着古老的节拍，循着来自远方的笛声起舞。,出自不明の像は、闇を彷徨い、震えている。\n彼らは古の拍子に足を揃え、遥かなる笛の音に導かれ舞い踊る。
Stage_8173_Name,aVvH,g关卡_Stage_A.csv,902,Stage,Name,,超维之旅·间隙Ⅱ,超次元の旅・隙間Ⅱ
Stage_8095_Desc,aVrj,g关卡_Stage_A.csv,903,Stage,Desc,,「门」即将开启，你从中窥见一部分真理。\n不是黑色，也不是白色——真理是彩色的，也是浑浊的。,「門」がまもなく開かれ、君はその隙間から一片の心理を垣間見る。\nそれは黒でも白でもないーー心理とは、色鮮やかで、混沌としている。
Stage_8095_Name,aVrk,g关卡_Stage_A.csv,903,Stage,Name,,超维之旅·间隙Ⅲ,超次元の旅・隙間Ⅲ
Stage_7775_Desc,aUWT,g关卡_Stage_A.csv,904,Stage,Desc,,「门」已被开启，幻梦即将清醒。\n嘘……不可注视，不可谛听。,「門」はすでに開かれ、幻夢はまもなく覚める。\n静かにーー見つめてはならない、耳を傾けてはならない。
Stage_7775_Name,aUWU,g关卡_Stage_A.csv,904,Stage,Name,,超维之旅·间隙Ⅳ,超次元の旅・隙間Ⅳ
Stage_8160_Desc,aVuT,g关卡_Stage_A.csv,905,Stage,Desc,,它们在黑暗中扭曲、融合，然后被小心翼翼地保管在造像里。\n这是一次蓄谋已久的重逢。,それらは闇の中で捻じれ、溶け合い、そして慎重に像の中へと封じられる。\nそれは、長い時を経て仕組まれた再会だった。
Stage_8160_Name,aVuU,g关卡_Stage_A.csv,905,Stage,Name,,超维之旅·间隙Ⅴ,超次元の旅・隙間Ⅴ
Stage_8101_Desc,aVrB,g关卡_Stage_A.csv,906,Stage,Desc,,它们在黑暗中扭曲、融合，然后被小心翼翼地保管在造像里。\n这是一次蓄谋已久的重逢。,それらは闇の中で捻じれ、溶け合い、そして慎重に像の中へと封じられる。\nそれは、長い時を経て仕組まれた再会だった。
Stage_8101_Name,aVrC,g关卡_Stage_A.csv,906,Stage,Name,,超维之旅·间隙Ⅵ,超次元の旅・隙間Ⅵ
Stage_8180_Desc,aVwb,g关卡_Stage_A.csv,907,Stage,Desc,,来历不明的造像在黑暗中游荡、战栗。\n它们踏着古老的节拍，循着来自远方的笛声起舞。,出自不明の像は、闇を彷徨い、震えている。\n彼らは古の拍子に足を揃え、遥かなる笛の音に導かれ舞い踊る。
Stage_8180_Name,aVwc,g关卡_Stage_A.csv,907,Stage,Name,,超维之旅·间隙Ⅶ,超次元の旅・隙間Ⅶ
Stage_7980_Desc,aVkI,g关卡_Stage_A.csv,908,Stage,Desc,,来历不明的造像在黑暗中游荡、战栗。\n它们踏着古老的节拍，循着来自远方的笛声起舞。,出自不明の像は、闇を彷徨い、震えている。\n彼らは古の拍子に足を揃え、遥かなる笛の音に導かれ舞い踊る。
Stage_7980_Name,aVkJ,g关卡_Stage_A.csv,908,Stage,Name,,超维之旅·间隙Ⅷ,超次元の旅・隙間Ⅷ
Stage_8208_Desc,aVxH,g关卡_Stage_A.csv,909,Stage,Desc,,它们在黑暗中扭曲、融合，然后被小心翼翼地保管在造像里。\n这是一次蓄谋已久的重逢。,それらは闇の中で捻じれ、溶け合い、そして慎重に像の中へと封じられる。\nそれは、長い時を経て仕組まれた再会だった。
Stage_8208_Name,aVxI,g关卡_Stage_A.csv,909,Stage,Name,,混沌之域·间隙Ⅰ,混沌の領域・隙間Ⅰ
Stage_8094_Desc,aVrg,g关卡_Stage_A.csv,910,Stage,Desc,,来历不明的造像在黑暗中游荡、战栗。\n它们踏着古老的节拍，循着来自远方的笛声起舞。,出自不明の像は、闇を彷徨い、震えている。\n彼らは古の拍子に足を揃え、遥かなる笛の音に導かれ舞い踊る。
Stage_8094_Name,aVrh,g关卡_Stage_A.csv,910,Stage,Name,,混沌之域·间隙Ⅱ,混沌の領域・隙間Ⅱ
Stage_7947_Desc,aViH,g关卡_Stage_A.csv,911,Stage,Desc,,「门」即将开启，你从中窥见一部分真理。\n不是黑色，也不是白色——真理是彩色的，也是浑浊的。,「門」がまもなく開かれ、君はその隙間から一片の心理を垣間見る。\nそれは黒でも白でもないーー心理とは、色鮮やかで、混沌としている。
Stage_7947_Name,aViI,g关卡_Stage_A.csv,911,Stage,Name,,混沌之域·间隙Ⅲ,混沌の領域・隙間Ⅲ
Stage_7658_Desc,aUBK,g关卡_Stage_A.csv,912,Stage,Desc,,「门」已被开启，幻梦即将清醒。\n嘘……不可注视，不可谛听。,「門」はすでに開かれ、幻夢はまもなく覚める。\n静かにーー見つめてはならない、耳を傾けてはならない。
Stage_7658_Name,aUBL,g关卡_Stage_A.csv,912,Stage,Name,,混沌之域·间隙Ⅳ,混沌の領域・隙間Ⅳ
Stage_8140_Desc,aVtL,g关卡_Stage_A.csv,913,Stage,Desc,,它们在黑暗中扭曲、融合，然后被小心翼翼地保管在造像里。\n这是一次蓄谋已久的重逢。,それらは闇の中で捻じれ、溶け合い、そして慎重に像の中へと封じられる。\nそれは、長い時を経て仕組まれた再会だった。
Stage_8140_Name,aVtM,g关卡_Stage_A.csv,913,Stage,Name,,混沌之域·间隙Ⅴ,混沌の領域・隙間Ⅴ
Stage_8096_Desc,aVrm,g关卡_Stage_A.csv,914,Stage,Desc,,它们在黑暗中扭曲、融合，然后被小心翼翼地保管在造像里。\n这是一次蓄谋已久的重逢。,それらは闇の中で捻じれ、溶け合い、そして慎重に像の中へと封じられる。\nそれは、長い時を経て仕組まれた再会だった。
Stage_8096_Name,aVrn,g关卡_Stage_A.csv,914,Stage,Name,,混沌之域·间隙Ⅵ,混沌の領域・隙間Ⅵ
Stage_7882_Desc,aVeU,g关卡_Stage_A.csv,915,Stage,Desc,,来历不明的造像在黑暗中游荡、战栗。\n它们踏着古老的节拍，循着来自远方的笛声起舞。,出自不明の像は、闇を彷徨い、震えている。\n彼らは古の拍子に足を揃え、遥かなる笛の音に導かれ舞い踊る。
Stage_7882_Name,aVeV,g关卡_Stage_A.csv,915,Stage,Name,,混沌之域·间隙Ⅶ,混沌の領域・隙間Ⅶ
Stage_8166_Desc,aVvl,g关卡_Stage_A.csv,916,Stage,Desc,,来历不明的造像在黑暗中游荡、战栗。\n它们踏着古老的节拍，循着来自远方的笛声起舞。,出自不明の像は、闇を彷徨い、震えている。\n彼らは古の拍子に足を揃え、遥かなる笛の音に導かれ舞い踊る。
Stage_8166_Name,aVvm,g关卡_Stage_A.csv,916,Stage,Name,,混沌之域·间隙Ⅷ,混沌の領域・隙間Ⅷ
