State_76290_Desc,babA,z状态表_State_A.csv,1716,State,Desc,,队伍唯一：普通战斗结束后，可以选择放弃刻印，生命上限提高 <WeaponEffect_Num:[StateArg1]%>。该效果最多生效 2 次。在星辰篇中，效果改为「使装备者的维度影像造物出现的可能性提高 100％」。,唯一装備：戦闘終了後、刻印報酬を放棄してチームのライフの上限を<WeaponEffect_Num:[StateArg1]％>増加させることができる。この効果は最大2回まで発動する。星辰編では、効果が「装備者の次元影像遺物の出現率が100％増加する」に変更される。
State_76290_WeaponDesc,babC,z状态表_State_A.csv,1716,State,WeaponDesc,,普通战斗结束后，可以选择放弃刻印，生命上限提高 <WeaponEffect_Num:[DescArg1]>。该效果最多生效 2 次。在星辰篇中，效果改为「使装备者的维度影像造物出现的可能性提高 100％」。,戦闘終了後、刻印報酬を放棄してチームのライフの上限を <WeaponEffect_Num:[StateArg1]％> 増加させることができる。この効果は最大2回まで発動する。星辰編では、効果が「装備者の次元影像遺物の出現率が100％増加する」に変更される。
State_76283_Desc,babf,z状态表_State_A.csv,1717,State,Desc,,队伍唯一：融痕造物栏变为 3 个，其中一个为诅咒造物。购买诅咒造物后获得 <WeaponEffect_Num:[StateArg1]> 点黑印。在星辰篇中，效果改为「使装备者的维度影像造物出现的可能性提高 100％」。,唯一装備：交換所での遺物選択欄が3つに増え、そのうち1つは呪われた遺物になる。呪われた遺物を購入すると<WeaponEffect_Num:[StateArg1]>黒章を獲得する。星辰編では、効果が「装備者の次元影像遺物の出現率が100％増加する」に変更される。
State_76283_WeaponDesc,babh,z状态表_State_A.csv,1717,State,WeaponDesc,,融痕造物栏变为 3 个，其中一个为诅咒造物。购买诅咒造物后获得 <WeaponEffect_Num:[StateArg1]> 点黑印。在星辰篇中，效果改为「使装备者的维度影像造物出现的可能性提高 100％」。,交換所での遺物選択欄が3つに増え、そのうち1つは呪われた遺物になる。呪われた遺物を購入すると<WeaponEffect_Num:[StateArg1]>黒章を獲得する。星辰編では、効果が「装備者の次元影像遺物の出現率が100％増加する」に変更される。
State_76284_Desc,babi,z状态表_State_A.csv,1718,State,Desc,,队伍唯一：关卡开始后，所有唤醒体获得 <WeaponEffect_Num:[StateArg1]> 点狂气。首领战开始后，抽 2 张牌。在星辰篇中，效果改为「使装备者的维度影像造物出现的可能性提高 100％」。,唯一装備：探索開始後、すべての覚醒体が <WeaponEffect_Num:[StateArg1]>狂気を獲得し、ボス戦開始後、カードを2枚引く。星辰編では、効果が「装備者の次元影像遺物の出現率が100％増加する」に変更される。
State_76284_WeaponDesc,babk,z状态表_State_A.csv,1718,State,WeaponDesc,,关卡开始后，所有唤醒体获得 <WeaponEffect_Num:[Energy:StateArg1]> 点狂气。首领战开始后，抽 2 张牌。在星辰篇中，效果改为「使装备者的维度影像造物出现的可能性提高 100％」。,探索開始後、すべての覚醒体が <WeaponEffect_Num:[StateArg1]>狂気を獲得し、ボス戦開始後、カードを2枚引く。星辰編では、効果が「装備者の次元影像遺物の出現率が100％増加する」に変更される。
State_76282_Desc,babc,z状态表_State_A.csv,1719,State,Desc,,队伍唯一：融痕刷新次数 +1 ，刷新价格减少 <WeaponEffect_Num:[StateArg1]> 点黑印。在星辰篇中，效果改为「使装备者的维度影像造物出现的可能性提高 100％」。,唯一装備：交換所の更新回数+1、更新費用が<WeaponEffect_Num:[StateArg1]>黒章減少する。星辰編では、効果が「装備者の次元影像遺物の出現率が100％増加する」に変更される。
State_76282_WeaponDesc,babe,z状态表_State_A.csv,1719,State,WeaponDesc,,融痕刷新次数 +1，刷新价格减少 <WeaponEffect_Num:[StateArg1]> 点黑印。在星辰篇中，效果改为「使装备者的维度影像造物出现的可能性提高 100％」。,交換所の更新回数+1、更新費用が<WeaponEffect_Num:[StateArg1]>黒章減少する。星辰編では、効果が「装備者の次元影像遺物の出現率が100％増加する」に変更される。
State_76279_Desc,baaT,z状态表_State_A.csv,1720,State,Desc,,队伍唯一：融痕中觉醒唤醒体的价格降低 <WeaponEffect_Num:[StateArg1]> 点黑印。装备者的灵知觉醒获得固有。在星辰篇中，效果改为「使装备者的维度影像造物出现的可能性提高 100％」。,唯一装備：交換所での覚醒体の覚醒に必要な費用が<WeaponEffect_Num:[StateArg1]>黒章減少する。装備者の霊知覚醒が固有を獲得する。星辰編では、効果が「装備者の次元影像遺物の出現率が100％増加する」に変更される。
State_76279_WeaponDesc,baaV,z状态表_State_A.csv,1720,State,WeaponDesc,,融痕中觉醒唤醒体的价格降低 <WeaponEffect_Num:[StateArg1]> 点黑印。装备者的灵知觉醒获得固有。在星辰篇中，效果改为「使装备者的维度影像造物出现的可能性提高 100％」。,交換所での覚醒体の覚醒に必要な費用が<WeaponEffect_Num:[StateArg1]>黒章減少する。装備者の霊知覚醒が固有を獲得する。星辰編では、効果が「装備者の次元影像遺物の出現率が100％増加する」に変更される。
State_76281_Desc,baaZ,z状态表_State_A.csv,1721,State,Desc,,队伍唯一：战斗结束后，狂气最低的唤醒体获得 <WeaponEffect_Num:[StateArg1]> 点狂气。在星辰篇中，效果改为「使装备者的维度影像造物出现的可能性提高 100％」。,唯一装備：戦闘終了後、最も狂気の低い覚醒体が<WeaponEffect_Num:[StateArg1]>狂気を獲得する。装備者の「霊知覚醒」が固有を獲得する。星辰編では、効果が「装備者の次元影像遺物の出現率が100％増加する」に変更される。
State_76281_WeaponDesc,babb,z状态表_State_A.csv,1721,State,WeaponDesc,,战斗结束后，狂气最低的唤醒体获得 <WeaponEffect_Num:[Energy:StateArg1]> 点狂气。在星辰篇中，效果改为「使装备者的维度影像造物出现的可能性提高 100％」。,戦闘終了後、最も狂気の低い覚醒体が<WeaponEffect_Num:[StateArg1]>狂気を獲得する。装備者の「霊知覚醒」が固有を獲得する。星辰編では、効果が「装備者の次元影像遺物の出現率が100％増加する」に変更される。
State_76278_Desc,brhk,z状态表_State_A.csv,1722,State,Desc,,队伍唯一：每走过一个新的格子，回复 <WeaponEffect_Num:[StateArg1]%> 已损失血量。使用应急灵知体后，所有唤醒体的暴击率和暴击伤害提高 100%。在星辰篇中，效果改为「使装备者的维度影像造物出现的可能性提高 100％」。,唯一装備：新しいマスを1つ進むたび、失ったライフの<WeaponEffect_Num:[StateArg1]%>を回復する。復活の魂魄を使用した後、すべての覚醒体のクリティカル率とクリティカルダメージが100%増加させる。装備者の「霊知覚醒」が固有を獲得する。星辰編では、効果が「装備者の次元影像遺物の出現率が100％増加する」に変更される。
State_76278_WeaponDesc,brhm,z状态表_State_A.csv,1722,State,WeaponDesc,,每走过一个新的格子，回复[StateArg1]% 已损失血量([DescArg1])。使用应急灵知体后，所有唤醒体的暴击率和暴击伤害提高 100%。在星辰篇中，效果改为「使装备者的维度影像造物出现的可能性提高 100％」。,新しいマスを1つ進むたび、失ったライフの<WeaponEffect_Num:[StateArg1]%>を回復する。復活の魂魄を使用した後、すべての覚醒体のクリティカル率とクリティカルダメージが100%増加させる。装備者の「霊知覚醒」が固有を獲得する。星辰編では、効果が「装備者の次元影像遺物の出現率が100％増加する」に変更される。
State_76285_Desc,babl,z状态表_State_A.csv,1723,State,Desc,,队伍唯一：关卡开始后，获得 <WeaponEffect_Num:[StateArg1]> 点银钥能量。首领战开始后，获得 2 点算力。在星辰篇中，效果改为「使装备者的维度影像造物出现的可能性提高 100％」。,唯一装備：探索開始後、<WeaponEffect_Num:[StateArg1]>キーエネルギーを獲得し、ボス戦開始後、2点の行動力を獲得する。星辰編では、効果が「装備者の次元影像遺物の出現率が100％増加する」に変更される。
State_76285_WeaponDesc,babn,z状态表_State_A.csv,1723,State,WeaponDesc,,关卡开始后，获得 <WeaponEffect_Num:[StateArg1]> 点银钥能量。首领战开始后，获得 2 点算力。在星辰篇中，效果改为「使装备者的维度影像造物出现的可能性提高 100％」。,探索開始後、<WeaponEffect_Num:[StateArg1]>キーエネルギーを獲得し、ボス戦開始後、2点の行動力を獲得する。星辰編では、効果が「装備者の次元影像遺物の出現率が100％増加する」に変更される。
State_76277_Desc,baaQ,z状态表_State_A.csv,1724,State,Desc,,队伍唯一：首领战开始后，消耗最多 50 黑印，每消耗 1 点黑印获得 <WeaponEffect_Num:[StateArg1]%> <DeathResistanceIconKeywords: 死亡抵抗>。在星辰篇中，效果改为「使装备者的维度影像造物出现的可能性提高 100％」。,唯一装備：ボス戦開始後、最大50黒章を消費して、1黒章を消費するごとに<WeaponEffect_Num:[StateArg1]%>の<DeathResistanceIconKeywords:死亡抵抗>を獲得する。星辰編では、効果が「装備者の次元影像遺物の出現率が100％増加する」に変更される。
State_76277_WeaponDesc,baaS,z状态表_State_A.csv,1724,State,WeaponDesc,,首领战开始后，消耗最多 50 黑印，每消耗 1 点黑印获得 <WeaponEffect_Num:[StateArg1]%> <DeathResistanceIconKeywords: 死亡抵抗>。在星辰篇中，效果改为「使装备者的维度影像造物出现的可能性提高 100％」。,ボス戦開始後、最大50黒章を消費して、1黒章を消費するごとに<WeaponEffect_Num:[StateArg1]%>の<DeathResistanceIconKeywords:死亡抵抗>を獲得する。星辰編では、効果が「装備者の次元影像遺物の出現率が100％増加する」に変更される。
State_76287_Desc,babr,z状态表_State_A.csv,1725,State,Desc,,队伍唯一：普通战斗结束后可选择的刻印数量变为 4 个，装备者卡牌的刻印有 <WeaponEffect_Num:[StateArg1]%> 概率升级为高级刻印。在星辰篇中，效果改为「使装备者的维度影像造物出现的可能性提高 100％」。,唯一装備：戦闘終了後、刻印報酬の選択肢が4つに増え、<WeaponEffect_Num:[StateArg1]％>の確率で装備者のカードの刻印が上位刻印にアップグレードされる。星辰編では、効果が「装備者の次元影像遺物の出現率が100％増加する」に変更される。
State_76287_WeaponDesc,babt,z状态表_State_A.csv,1725,State,WeaponDesc,,普通战斗结束后可选择的刻印数量变为 4 个，装备者卡牌的刻印有 <WeaponEffect_Num:[StateArg1]%> 概率升级为高级刻印。在星辰篇中，效果改为「使装备者的维度影像造物出现的可能性提高 100％」。,戦闘終了後、刻印報酬の選択肢が4つに増え、<WeaponEffect_Num:[StateArg1]％>の確率で装備者のカードの刻印が上位刻印にアップグレードされる。星辰編では、効果が「装備者の次元影像遺物の出現率が100％増加する」に変更される。
State_76286_Desc,babo,z状态表_State_A.csv,1726,State,Desc,,队伍唯一：休息处额外提供一个选项：消除至多 3 张症状，获得 <WeaponEffect_Num:[StateArg1]> 点黑印。在星辰篇中，效果改为「使装备者的维度影像造物出现的可能性提高 100％」。,唯一装備：休憩所で選択肢が一つ追加される：最大3枚の症状を削除し、<WeaponEffect_Num:[StateArg1]>黒章を獲得する。星辰編では、効果が「装備者の次元影像遺物の出現率が100％増加する」に変更される。
State_76286_WeaponDesc,babq,z状态表_State_A.csv,1726,State,WeaponDesc,,休息处额外提供一个选项：消除至多 3 张症状，获得 <WeaponEffect_Num:[StateArg1]> 点黑印。在星辰篇中，效果改为「使装备者的维度影像造物出现的可能性提高 100％」。,休憩所で選択肢が一つ追加される：最大3枚の症状を削除し、<WeaponEffect_Num:[StateArg1]>黒章を獲得する。星辰編では、効果が「装備者の次元影像遺物の出現率が100％増加する」に変更される。
State_76292_Desc,babG,z状态表_State_A.csv,1727,State,Desc,,队伍唯一：融痕售卖卡牌处允许售卖症状卡，卖出症状卡后获得 <WeaponEffect_Num:[StateArg1]> 点黑印。在星辰篇中，效果改为「使装备者的维度影像造物出现的可能性提高 100％」。,唯一装備：交換所で症状カードを売却できるようになり、症状カードを売却すると<WeaponEffect_Num:[StateArg1]>を獲得する。星辰編では、効果が「装備者の次元影像遺物の出現率が100％増加する」に変更される。
State_76292_WeaponDesc,babI,z状态表_State_A.csv,1727,State,WeaponDesc,,融痕售卖卡牌处允许售卖症状卡，卖出症状卡后获得 <WeaponEffect_Num:[StateArg1]> 点黑印。在星辰篇中，效果改为「使装备者的维度影像造物出现的可能性提高 100％」。,交換所で症状カードを売却できるようになり、症状カードを売却すると<WeaponEffect_Num:[StateArg1]>を獲得する。星辰編では、効果が「装備者の次元影像遺物の出現率が100％増加する」に変更される。
State_76280_Desc,baaW,z状态表_State_A.csv,1728,State,Desc,,队伍唯一：休息处的回复量提高 <WeaponEffect_Num:[StateArg1]%>，选择回复生命后，将 2 张「灵感」加入牌库。在星辰篇中，效果改为「使装备者的维度影像造物出现的可能性提高 100％」。,唯一装備：休憩所での回復量が<WeaponEffect_Num:[StateArg1]%>増加し、ライフ回復を選択した後、「啓示」を2枚山札に追加する。星辰編では、効果が「装備者の次元影像遺物の出現率が100％増加する」に変更される。
State_76280_WeaponDesc,baaY,z状态表_State_A.csv,1728,State,WeaponDesc,,休息处的回复量提高 <WeaponEffect_Num:[StateArg1]%>，选择回复生命后，将 2 张「灵感」加入牌库。在星辰篇中，效果改为「使装备者的维度影像造物出现的可能性提高 100％」。,休憩所での回復量が<WeaponEffect_Num:[StateArg1]%>増加し、ライフ回復を選択した後、「啓示」を2枚山札に追加する。星辰編では、効果が「装備者の次元影像遺物の出現率が100％増加する」に変更される。
State_76288_Desc,babu,z状态表_State_A.csv,1729,State,Desc,,队伍唯一：战斗结束后，获得 <WeaponEffect_Num:[StateArg1]> 点银钥能量。在星辰篇中，效果改为「使装备者的维度影像造物出现的可能性提高 100％」。,唯一装備：戦闘終了後、<WeaponEffect_Num:[StateArg1]>キーエネルギーを獲得する。星辰編では、効果が「装備者の次元影像遺物の出現率が100％増加する」に変更される。
State_76288_WeaponDesc,babw,z状态表_State_A.csv,1729,State,WeaponDesc,,战斗结束后，获得 <WeaponEffect_Num:[StateArg1]> 点银钥能量。在星辰篇中，效果改为「使装备者的维度影像造物出现的可能性提高 100％」。,戦闘終了後、<WeaponEffect_Num:[StateArg1]>キーエネルギーを獲得する。星辰編では、効果が「装備者の次元影像遺物の出現率が100％増加する」に変更される。
State_76291_Desc,babD,z状态表_State_A.csv,1730,State,Desc,,队伍唯一：关卡开始后，获得 <WeaponEffect_Num:[StateArg1]> 点黑印。造物上限 +2。在星辰篇中，效果改为「使装备者的维度影像造物出现的可能性提高 100％」。,唯一装備：探索開始後、<WeaponEffect_Num:[StateArg1]>黒章を獲得する。遺物の所持上限+2。星辰編では、効果が「装備者の次元影像遺物の出現率が100％増加する」に変更される。
State_76291_WeaponDesc,babF,z状态表_State_A.csv,1730,State,WeaponDesc,,关卡开始后，获得 <WeaponEffect_Num:[StateArg1]> 点黑印。造物上限 +2。在星辰篇中，效果改为「使装备者的维度影像造物出现的可能性提高 100％」。,探索開始後、<WeaponEffect_Num:[StateArg1]>黒章を獲得する。遺物の所持上限+2。星辰編では、効果が「装備者の次元影像遺物の出現率が100％増加する」に変更される。
State_76289_Desc,babx,z状态表_State_A.csv,1731,State,Desc,,队伍唯一：探索中视野+1，地图视野全开后获得 <WeaponEffect_Num:[StateArg1]> 点黑印。首领战开始时，<WeaknessIconKeywords:虚弱>和<VulnerabilityIconKeywords:易伤>所有敌人 1 回合。在星辰篇中，效果改为「使装备者的维度影像造物出现的可能性提高 100％」。,唯一装備：探索中の視界+1。、マップの視界をすべて開放した後、<WeaponEffect_Num:[StateArg1]>黒章を獲得する。ボス戦開始時、すべての敵に1点の<WeaknessIconKeywords:虚弱>と<VulnerabilityIconKeywords:易傷>を付与する。星辰編では、効果が「装備者の次元影像遺物の出現率が100％増加する」に変更される。
State_76289_WeaponDesc,babz,z状态表_State_A.csv,1731,State,WeaponDesc,,探索中视野+1，地图视野全开后获得 <WeaponEffect_Num:[StateArg1]> 点黑印。首领战开始时，<WeaknessIconKeywords:虚弱>和<VulnerabilityIconKeywords:易伤>所有敌人 1 回合。在星辰篇中，效果改为「使装备者的维度影像造物出现的可能性提高 100％」。,探索中の視界+1。、マップの視界をすべて開放した後、<WeaponEffect_Num:[StateArg1]>黒章を獲得する。ボス戦開始時、すべての敵に1点の<WeaknessIconKeywords:虚弱>と<VulnerabilityIconKeywords:易傷>を付与する。星辰編では、効果が「装備者の次元影像遺物の出現率が100％増加する」に変更される。
State_3892_Desc,aXMI,z状态表_State_A.csv,1765,State,Desc,,队伍唯一：击败敌人后，本次调查中提高[StateArg1]%攻击力。提高[StateArg1]%暴击伤害。,唯一装備：敵を撃破すると、この探索中攻撃力が[StateArg1]%増加し、クリティカルダメージが[StateArg1]%増加する。
State_3892_WeaponDesc,aXMK,z状态表_State_A.csv,1765,State,WeaponDesc,,击败敌人后，本次调查中提高[StateArg1]%攻击力。提高[StateArg1]%暴击伤害。,敵を撃破すると、この探索中攻撃力が[StateArg1]%増加し、クリティカルダメージが[StateArg1]%増加する。
State_2718_Desc,aWrJ,z状态表_State_A.csv,1766,State,Desc,,队伍唯一：回合结束时装备者获得 <WeaponEffect_Num:[StateArg1]> 点狂气，获得等同于装备者银钥充能的银钥能量。,唯一装備：ターン終了時、装備者は<WeaponEffect_Num:[StateArg1]>狂気を獲得し、装備者のキーチャージに等しいキーエネルギーを獲得する。
State_2718_WeaponDesc,aWrL,z状态表_State_A.csv,1766,State,WeaponDesc,,回合结束时装备者获得 <WeaponEffect_Num:[StateArg1]> 点狂气，获得等同于装备者银钥充能的银钥能量。,ターン終了時、装備者は<WeaponEffect_Num:[StateArg1]>狂気を獲得し、装備者のキーチャージに等しいキーエネルギーを獲得する。
State_2460_Desc,aVZx,z状态表_State_A.csv,1767,State,Desc,,队伍唯一：装备者造成的基础伤害、<IntoxicationIconKeywords:中毒>和<RetaliateIconKeywords:反击>提高 <WeaponEffect_Num:[StateArg1]%>，暴击率和暴击伤害提高 <WeaponEffect_Num:[StateArg2]%>。,唯一装備：装備者が与えるダメージの基礎効果、<IntoxicationIconKeywords:毒>、<RetaliateIconKeywords:反撃>が<WeaponEffect_Num:[StateArg1]%>増加し、クリティカル率とクリティカルダメージが<WeaponEffect_Num:[StateArg2]%>増加する。
State_2460_WeaponDesc,aVZz,z状态表_State_A.csv,1767,State,WeaponDesc,,装备者造成的基础伤害、<IntoxicationIconKeywords:中毒>和<RetaliateIconKeywords:反击>提高 <WeaponEffect_Num:[StateArg1]%>，暴击率和暴击伤害提高 <WeaponEffect_Num:[StateArg2]%>。,装備者が与えるダメージの基礎効果、<IntoxicationIconKeywords:毒>、<RetaliateIconKeywords:反撃>が<WeaponEffect_Num:[StateArg1]%>増加し、クリティカル率とクリティカルダメージが<WeaponEffect_Num:[StateArg2]%>増加する。
State_2501_Desc,aWdz,z状态表_State_A.csv,1768,State,Desc,,队伍唯一：队伍生命上限提高 10%。装备者造成的治疗和护盾提高 <WeaponEffect_Num:[StateArg3]%>。打出装备者的「打击」后，回复 <WeaponEffect_Num:[StateArg1]%> 已损失生命。打出装备者的「防御」后，获得 <WeaponEffect_Num:[StateArg2]%> 当前生命的护盾。该效果每回合最多各触发 1 次。,唯一装備：チームのライフ上限が10%増加し、装備者が与えるライフ回復とシールドが<WeaponEffect_Num:[StateArg3]%>増加する。装備者が「攻撃」を使用した後、ライフを<WeaponEffect_Num:[StateArg1]%>回復し、「防御」を使用した後、現在のライフの<WeaponEffect_Num:[StateArg2]%>分シールドを獲得する。この効果は毎ターン最大1回まで発動する。
State_2501_WeaponDesc,aWdB,z状态表_State_A.csv,1768,State,WeaponDesc,,队伍生命上限提高 10%。装备者造成的治疗和护盾提高 <WeaponEffect_Num:[StateArg3]%>。打出装备者的「打击」后，回复 [StateArg1]%(<WeaponEffect_Num:[Heal:DescArg1]>) 已损失生命。打出装备者的「防御」后，获得[StateArg1]%(<WeaponEffect_Num:[Block:DescArg2]>) 当前生命的护盾。该效果每回合最多各触发 1 次。,チームのライフ上限が10%増加し、装備者の与えるライフ回復とシールドが<WeaponEffect_Num:[StateArg3]%>増加する。装備者が「攻撃」を使用した後、ライフを<WeaponEffect_Num:[StateArg1]%>回復し、「防御」を使用した後、現在のライフの<WeaponEffect_Num:[StateArg2]%>分シールドを獲得する。この効果は毎ターン最大1回まで発動する。
State_3117_Desc,aWNt,z状态表_State_A.csv,1771,State,Desc,,队伍唯一：装备者「打击」和「狂气爆发」基础伤害提高 <WeaponEffect_Num:[StateArg1]%>。装备者打出「打击」后，装备者获得 5% 临时暴击率，每回合最多 3 次，达到 3 次时获得 15% 临时暴击伤害。,唯一装備：装備者の「攻撃」と「狂気解放」が与えるダメージの基礎効果が<WeaponEffect_Num:[StateArg1]％>増加する。装備者が「攻撃」を使用した後、5％の一時的なクリティカル率を獲得する。毎ターン最大3回まで発動し、3回に達すると15％の一時的なクリティカルダメージを獲得する。
State_3117_WeaponDesc,aWNv,z状态表_State_A.csv,1771,State,WeaponDesc,,装备者「打击」和「狂气爆发」基础伤害提高 <WeaponEffect_Num:[StateArg1]%>。装备者打出「打击」后，装备者获得 5% 临时暴击率，每回合最多 3 次，达到 3 次时获得 15% 临时暴击伤害。,装備者の「攻撃」と「狂気解放」が与えるダメージの基礎効果が<WeaponEffect_Num:[StateArg1]％>増加する。装備者が「攻撃」を使用した後、5％の一時的なクリティカル率を獲得する。毎ターン最大3回まで発動し、3回に達すると15％の一時的なクリティカルダメージを獲得する。
State_3200_Desc,aWRN,z状态表_State_A.csv,1773,State,Desc,,队伍唯一：装备者造成的基础伤害和护盾提高 <WeaponEffect_Num:[StateArg1]%>。探索开始时将一张装备者的「打击」和「防御」加入牌库。装备者打出「防御」后，使装备者下一张「打击」暴击率与暴击伤害提高 15%，装备者打出「打击」后，使装备者下一张「防御」护盾提高 15%，可堆叠 3 次。,唯一装備：装備者が与えるダメージの基礎効果とシールドが<WeaponEffect_Num:[StateArg1]%>増加する。探索開始時、装備者の「攻撃」と「防御」を山札に追加する。装備者が「防御」を使用すると、次に使用する「攻撃」のクリティカル率とクリティカルダメージが15%増加し、「打撃」を使用すると、次に使用する「防御」のシールドが15%増加する。最大3回まで累積可能。
State_3200_WeaponDesc,aWRP,z状态表_State_A.csv,1773,State,WeaponDesc,,装备者造成的基础伤害和护盾提高 <WeaponEffect_Num:[StateArg1]%>。探索开始时将一张装备者的「打击」和「防御」加入牌库。装备者打出「防御」后，使装备者下一张「打击」暴击率与暴击伤害提高 15%，装备者打出「打击」后，使装备者下一张「防御」护盾提高 15%，可堆叠 3 次。,装備者が与えるダメージの基礎効果とシールドが<WeaponEffect_Num:[StateArg1]%>増加する。探索開始時、装備者の「攻撃」と「防御」を山札に追加する。装備者が「防御」を使用すると、次に使用する「攻撃」のクリティカル率とクリティカルダメージが15%増加し、「打撃」を使用すると、次に使用する「防御」のシールドが15%増加する。最大3回まで累積可能。
State_2905_Desc,aWBI,z状态表_State_A.csv,1776,State,Desc,,队伍唯一：装备者的「狂气爆发」造成的护盾提高 <WeaponEffect_Num:[StateArg2]%>。装备者释放「狂气爆发」后，获得等同于装备者防御力 <WeaponEffect_Num:[StateArg1]%> 层数的临时<PowerIconKeywords:力量>。若我方队伍处于<FragileIconKeywords:脆弱>状态，效果翻倍。,唯一装備：装備者の「狂気解放」によるシールドが<WeaponEffect_Num:[StateArg2]%>増加する。装備者が「狂気解放」を発動した後、防御力の<WeaponEffect_Num:[StateArg1]%>に等しい一時的な<PowerIconKeywords:力>を獲得する。チームが<FragileIconKeywords:脆弱>状態の場合、効果が倍増する。
State_2905_WeaponDesc,aWBK,z状态表_State_A.csv,1776,State,WeaponDesc,,装备者的「狂气爆发」造成的护盾提高 <WeaponEffect_Num:[StateArg2]%>。装备者释放「狂气爆发」后，获得 [Power:DescArg1] 点临时<PowerIconKeywords:力量>。若我方队伍处于<FragileIconKeywords:脆弱>状态，效果翻倍。,装備者の「狂気解放」によるシールドが<WeaponEffect_Num:[StateArg2]%>増加する。装備者が「狂気解放」を発動した後、防御力の<WeaponEffect_Num:[StateArg1]%>に等しい一時的な<PowerIconKeywords:力>を獲得する。チームが<FragileIconKeywords:脆弱>状態の場合、効果が倍増する。
State_3683_Desc,aXBd,z状态表_State_A.csv,1777,State,Desc,,队伍唯一：装备者指令卡造成的治疗提高 <WeaponEffect_Num:[StateArg2]%>。装备者释放「狂气爆发」前，其他唤醒体获得 <WeaponEffect_Num:[StateArg1]> 点狂气。若我方队伍处于<VulnerabilityIconKeywords:易伤>状态，效果翻倍。,唯一装備：装備者の指令カードによるライフ回復効果が<WeaponEffect_Num:[StateArg2]%>増加する。装備者が「狂気解放」を発動する前に、他の覚醒体は<WeaponEffect_Num:[StateArg1]>狂気を獲得する。チームが<VulnerabilityIconKeywords:易傷>状態の場合、効果が倍増する。
State_3683_WeaponDesc,aXBf,z状态表_State_A.csv,1777,State,WeaponDesc,,装备者指令卡造成的治疗提高 <WeaponEffect_Num:[StateArg2]%>。装备者释放狂气爆发前，其他唤醒体获得 <WeaponEffect_Num:[StateArg1]> 点狂气。若我方队伍处于<VulnerabilityIconKeywords:易伤>状态，效果翻倍。,装備者の指令カードによるライフ回復効果が<WeaponEffect_Num:[StateArg2]%>増加する。装備者が「狂気解放」を発動する前に、他の覚醒体は<WeaponEffect_Num:[StateArg1]>狂気を獲得する。チームが<VulnerabilityIconKeywords:易傷>状態の場合、効果が倍増する。
State_2614_Desc,aWmk,z状态表_State_A.csv,1778,State,Desc,,队伍唯一：打出装备者的指令卡后，有 <WeaponEffect_Num:[StateArg1]%> 的概率将其从弃牌堆重新加入手牌，该效果单个回合只生效 1 次。,唯一装備：装備者が使用する指令カードを、<WeaponEffect_Num:[StateArg1]%>の確率で手札に戻す。この効果は1ターンに1回のみ発動する。
State_2614_WeaponDesc,aWmm,z状态表_State_A.csv,1778,State,WeaponDesc,,打出装备者的指令卡后，有 <WeaponEffect_Num:[StateArg1]%> 的概率将其从弃牌堆重新加入手牌。该效果单个回合只生效 1 次。,装備者が使用する指令カードを、<WeaponEffect_Num:[StateArg1]%>の確率で手札に戻す。この効果は1ターンに1回のみ発動する。
State_2961_Desc,aWEL,z状态表_State_A.csv,1781,State,Desc,,队伍唯一：装备者造成的<IntoxicationIconKeywords:中毒>提高 <WeaponEffect_Num:[StateArg1]%>，装备者释放狂气爆发前，先对所有敌人施加等同于装备者攻击力 <WeaponEffect_Num:[StateArg2]%> 的中毒。使用钥令后，装备者获得 <WeaponEffect_Num:[StateArg3]> 点狂气。,唯一装備：装備者の与える<IntoxicationIconKeywords:毒>が <WeaponEffect_Num:[StateArg1]%>増加し、「狂気解放」を発動する前に、すべての敵に攻撃力の<WeaponEffect_Num:[StateArg2]%> に等しい毒を付与する。「キーオーダー」を発動した後、装備者は<WeaponEffect_Num:[StateArg3]>狂気を獲得する。
State_2961_WeaponDesc,aWEN,z状态表_State_A.csv,1781,State,WeaponDesc,,装备者造成的<IntoxicationIconKeywords:中毒>提高 <WeaponEffect_Num:[StateArg1]%>，装备者释放狂气爆发前，先对所有敌人施加 <WeaponEffect_Num:[Poison:DescArg1]> 层中毒。使用钥令后，装备者获得 <WeaponEffect_Num:[StateArg3]> 点狂气。,装備者の与える<IntoxicationIconKeywords:毒>が <WeaponEffect_Num:[StateArg1]%>増加し、「狂気解放」を発動する前に、すべての敵に攻撃力の<WeaponEffect_Num:[StateArg2]%> に等しい毒を付与する。「キーオーダー」を発動した後、装備者は<WeaponEffect_Num:[StateArg3]>狂気を獲得する。
State_3112_Desc,aWNe,z状态表_State_A.csv,1782,State,Desc,,队伍唯一：装备者造成的中毒提高 <WeaponEffect_Num:[StateArg3]%>。装备者释放狂气爆发后，回复等同于装备者体质 <WeaponEffect_Num:[StateArg1]%> 的生命，每剩余 1 点算力就额外回复装备者体质的 <WeaponEffect_Num:[StateArg2]%> 的生命。,唯一装備：装備者の与える<IntoxicationIconKeywords:毒>が<WeaponEffect_Num:[StateArg3]%>増加する。「狂気解放」を使用した後、体力の<WeaponEffect_Num:[StateArg1]%>に等しいライフを回復し、残りの行動力1点につき、追加で体力の<WeaponEffect_Num:[StateArg2]%>に等しいライフを回復する。
State_3112_WeaponDesc,aWNg,z状态表_State_A.csv,1782,State,WeaponDesc,,装备者造成的中毒提高 <WeaponEffect_Num:[StateArg3]%>。装备者释放狂气爆发后，回复 <WeaponEffect_Num:[Heal:DescArg1]> 点生命，每剩余 1 点算力额外回复 <WeaponEffect_Num:[Heal:DescArg2]> 点生命。,装備者の与える<IntoxicationIconKeywords:毒>が<WeaponEffect_Num:[StateArg3]%>増加する。「狂気解放」を使用した後、体力の<WeaponEffect_Num:[StateArg1]%>に等しいライフを回復し、残りの行動力1点につき、追加で体力の<WeaponEffect_Num:[StateArg2]%>に等しいライフを回復する。
State_3123_Desc,aWNL,z状态表_State_A.csv,1783,State,Desc,,队伍唯一：装备者造成的反击提高 <WeaponEffect_Num:[StateArg3]%>。每受到 1 次攻击，就获得等同于装备者攻击力 <WeaponEffect_Num:[StateArg1]%> 的临时<PowerIconKeywords:力量>。装备者使用狂气爆发后，获得等同于装备者攻击力 <WeaponEffect_Num:[StateArg2]%> 的反击。,唯一装備：装備者の与える反撃が<WeaponEffect_Num:[StateArg3]%>増加する。攻撃を受けるたび、攻撃力の<WeaponEffect_Num:[StateArg1]%>に等しい一時的な<PowerIconKeywords:力>を獲得する。装備者が「狂気解放」を発動した後、攻撃力の<WeaponEffect_Num:[StateArg2]%>に等しい反撃を獲得する。
State_3123_WeaponDesc,aWNN,z状态表_State_A.csv,1783,State,WeaponDesc,,装备者造成的反击提高 <WeaponEffect_Num:[StateArg3]%>。每受到 1 次攻击，就获得 <WeaponEffect_Num:[Power:DescArg1]> 点临时<PowerIconKeywords:力量>。装备者使用狂气爆发后，获得 <WeaponEffect_Num:[Counterattack:DescArg2]> 点反击。,装備者の与える反撃が<WeaponEffect_Num:[StateArg3]%>増加する。攻撃を受けるたび、攻撃力の<WeaponEffect_Num:[StateArg1]%>に等しい一時的な<PowerIconKeywords:力>を獲得する。装備者が「狂気解放」を発動した後、攻撃力の<WeaponEffect_Num:[StateArg2]%>に等しい反撃を獲得する。
State_2431_Desc,aVXq,z状态表_State_A.csv,1784,State,Desc,,队伍唯一：装备者造成的护盾和生命回复提高，提高量为 <WeaponEffect_Num:[StateArg1]%> 装备者的体质，装备者造成的反击提高 <WeaponEffect_Num:[StateArg3]%>，打出「防御」时还会获得装备者防御力 <WeaponEffect_Num:[StateArg4]%> 的<RetaliateIconKeywords:反击>。战斗开始后，获得等同于装备者体质 <WeaponEffect_Num:[StateArg2]%> 的<PowerIconKeywords:力量> 。若当前界域为「深海」，额外获得等量的触腕伤害。,唯一装備：装備者の与えるシールドとライフ回復効果が体力の<WeaponEffect_Num:[StateArg1]%>分増加し、反撃が <WeaponEffect_Num:[StateArg3]%>増加する。「防御」を使用した時、防御力の<WeaponEffect_Num:[StateArg4]%>分の<RetaliateIconKeywords:反撃>を獲得する。戦闘開始後、体力の<WeaponEffect_Num:[StateArg2]%>分の<PowerIconKeywords:力>を獲得する。現在の界域が「深海」の場合、追加で同量の触腕ダメージを獲得する。
State_2431_WeaponDesc,aVXs,z状态表_State_A.csv,1784,State,WeaponDesc,,装备者造成的护盾和生命回复提高 <WeaponEffect_Num:[DescArg1]> 点，装备者造成的反击提高 <WeaponEffect_Num:[StateArg3]%>，打出「防御」时，还会获得 <WeaponEffect_Num:[Counterattack:DescArg3]> 层<RetaliateIconKeywords:反击>。战斗开始后，获得 <WeaponEffect_Num:[Power:DescArg2]> 点<PowerIconKeywords:力量>。若当前界域为「深海」，额外获得等量的触腕伤害。,装備者の与えるシールドとライフ回復効果が体力の<WeaponEffect_Num:[StateArg1]%>分増加し、反撃が <WeaponEffect_Num:[StateArg3]%>増加する。「防御」を使用した時、防御力の<WeaponEffect_Num:[StateArg4]%>分の<RetaliateIconKeywords:反撃>を獲得する。戦闘開始後、体力の<WeaponEffect_Num:[StateArg2]%>分の<PowerIconKeywords:力>を獲得する。現在の界域が「深海」の場合、追加で同量の触腕ダメージを獲得する。
State_2785_Desc,aWvk,z状态表_State_A.csv,1786,State,Desc,,队伍唯一：装备者打出卡牌后，装备者获得 1 点狂气。战斗开始时，获得等同于装备者攻击力 <WeaponEffect_Num:[StateArg1]%> 的<PowerIconKeywords:力量> ，若当前界域为「深海」，额外获得 <WeaponEffect_Num:[StateArg2]%> 的<CardKeyWord:触腕伤害>，后续的每个回合开始后，获得等同于装备者攻击力 <WeaponEffect_Num:[StateArg3]%> 的<PowerIconKeywords:力量> ，若当前界域为「深海」，额外获得 <WeaponEffect_Num:[StateArg4]%> 的<CardKeyWord:触腕伤害>。,唯一装備：装備者がカードを使用した時、装備者は1狂気を獲得する。戦闘開始時、攻撃力の<WeaponEffect_Num:[StateArg1]%>に等しい<PowerIconKeywords:力>を獲得し、現在の界域が「深海」の場合、追加で<WeaponEffect_Num:[StateArg2]%>の<CardKeyWord:触腕ダメージ>を獲得する。ターン開始後、攻撃力の<WeaponEffect_Num:[StateArg3]%>に等しい<PowerIconKeywords:力>を獲得し、現在の界域が「深海」の場合、追加で<WeaponEffect_Num:[StateArg4]%>の<CardKeyWord:触腕ダメージ>を獲得する。
State_2785_WeaponDesc,aWvm,z状态表_State_A.csv,1786,State,WeaponDesc,,装备者打出卡牌后，装备者获得 1 点狂气。战斗开始时，获得 <WeaponEffect_Num:[Power:DescArg1]> 点<PowerIconKeywords:力量> 。若当前界域为「深海」，额外获得 <WeaponEffect_Num:[DescArg2]> 点<CardKeyWord:触腕伤害>，后续每个回合开始后，获得 <WeaponEffect_Num:[Power:DescArg3]> 点<PowerIconKeywords:力量> 。若当前界域为「深海」，额外获得 <WeaponEffect_Num:[DescArg4]> 点<CardKeyWord:触腕伤害>.,装備者がカードを使用した時、装備者は1狂気を獲得する。戦闘開始時、攻撃力の<WeaponEffect_Num:[StateArg1]%>に等しい<PowerIconKeywords:力>を獲得し、現在の界域が「深海」の場合、追加で<WeaponEffect_Num:[StateArg2]%>の<CardKeyWord:触腕ダメージ>を獲得する。ターン開始後、攻撃力の<WeaponEffect_Num:[StateArg3]%>に等しい<PowerIconKeywords:力>を獲得し、現在の界域が「深海」の場合、追加で<WeaponEffect_Num:[StateArg4]%>の<CardKeyWord:触腕ダメージ>を獲得する。
State_2684_Desc,aWpX,z状态表_State_A.csv,1788,State,Desc,,队伍唯一：装备者的「打击」有  <WeaponEffect_Num:[StateArg1]%>  概率获得 1 算力并触发所有敌人 10% 的中毒，若当前界域为「深海」，触发该效果时使 1 条触腕攻击 1 次。该效果单个回合只生效 1 次。,唯一装備：装備者の「打撃」は<WeaponEffect_Num:[StateArg1]%>の確率で1点の行動力を獲得し、すべての敵に10%の毒を付与する。現在の界域が「深海」の場合、この効果が発動すると1本の触腕が1回攻撃し、毎ターン1回まで。
State_2684_WeaponDesc,aWpZ,z状态表_State_A.csv,1788,State,WeaponDesc,,装备者的「打击」有  <WeaponEffect_Num:[StateArg1]%>  概率获得 1 算力并触发所有敌人 10% 的中毒，若当前界域为「深海」，触发该效果时使 1 条触腕攻击 1 次。该效果每回合最多触发 1 次。,装備者の「打撃」は<WeaponEffect_Num:[StateArg1]%>の確率で1点の行動力を獲得し、すべての敵に10%の毒を付与する。現在の界域が「深海」の場合、この効果が発動すると1本の触腕が1回攻撃し、毎ターン1回まで。
State_3273_Desc,aWVJ,z状态表_State_A.csv,1790,State,Desc,,队伍唯一：打出装备者的卡牌后，获得等同于装备者 <WeaponEffect_Num:[StateArg1]%> 防御力的护盾，每有 1 条触腕就使护盾提高装备者防御力的 <WeaponEffect_Num:[StateArg2]%>。该效果单个回合只生效 1 次。,唯一装備：装備者のカードを使用した後、防御力<WeaponEffect_Num:[StateArg1]％>に等しいシールドを獲得し、触腕1本につき獲得するシールドが防御力の<WeaponEffect_Num:[StateArg2]％>分増加する。この効果は1ターンに1回のみ発動する。
State_3273_WeaponDesc,aWVL,z状态表_State_A.csv,1790,State,WeaponDesc,,打出装备者的卡牌后，获得 <WeaponEffect_Num:[Block:DescArg1]> 护盾，每有 1 条触腕就使护盾提高 <WeaponEffect_Num:[DescArg2]>。该效果单个回合只生效 1 次。,装備者のカードを使用した後、防御力<WeaponEffect_Num:[StateArg1]％>に等しいシールドを獲得し、触腕1本につき獲得するシールドが防御力の<WeaponEffect_Num:[StateArg2]％>分増加する。この効果は1ターンに1回のみ発動する。
State_3827_Desc,aXIM,z状态表_State_A.csv,1792,State,Desc,,队伍唯一：装备者生命回复提高 <WeaponEffect_Num:[StateArg1]%>。释放狂气爆发后，下回合开始时回复 <WeaponEffect_Num:[StateArg2]%> 已损失生命。,唯一装備：装備者のライフ回復効果が<WeaponEffect_Num:[StateArg1]%>増加する。「狂気解放」を発動した後、次のターン開始時に失ったライフの<WeaponEffect_Num:[DescArg1]%>を回復する。
State_3827_WeaponDesc,aXIO,z状态表_State_A.csv,1792,State,WeaponDesc,,装备者生命回复提高 <WeaponEffect_Num:[StateArg1]%>。释放狂气爆发后，下回合开始时回复 <WeaponEffect_Num:[DescArg1]%> 已损失生命。,装備者のライフ回復効果が<WeaponEffect_Num:[StateArg1]%>増加する。「狂気解放」を発動した後、次のターン開始時に失ったライフの<WeaponEffect_Num:[DescArg1]%>を回復する。
State_3118_Desc,aWNw,z状态表_State_A.csv,1793,State,Desc,,回合开始时回复 [StateArg1]% 已损失生命。,ターン開始時、失ったライフの[StateArg1]%を回復する。
State_3118_Name,aWNx,z状态表_State_A.csv,1793,State,Name,,引航之帆的庇护,導きの帆の加護
State_3011_Desc,aWHn,z状态表_State_A.csv,1794,State,Desc,,队伍唯一：装备者的「狂气爆发」暴击率和暴击伤害提高  <WeaponEffect_Num:[StateArg2]%>。装备者释放「狂气爆发」后，获得等同于装备者体质 <WeaponEffect_Num:[StateArg1]%> 的<PowerIconKeywords:力量>。若本次狂气爆发触发了<CardKeyWord:吞噬>效果，额外获得 1 次<PowerIconKeywords:力量>。,唯一装備：装備者の「狂気解放」のクリティカル率とクリティカルダメージが<WeaponEffect_Num:[StateArg2]%>増加する。装備者が「狂気解放」を発動した後、体力の<WeaponEffect_Num:[StateArg1]%>に等しい<PowerIconKeywords:力>を獲得し、<CardKeyWord:捕食>効果を発動した場合、追加で1回<PowerIconKeywords:力>を獲得する。
State_3011_WeaponDesc,aWHp,z状态表_State_A.csv,1794,State,WeaponDesc,,装备者的「狂气爆发」暴击率和暴击伤害提高  <WeaponEffect_Num:[StateArg2]%>。装备者释放「狂气爆发」后，获得 <WeaponEffect_Num:[Power:DescArg1]> 点力量。若本次狂气爆发触发了<CardKeyWord:吞噬>效果，额外获得 1 次<PowerIconKeywords:力量>。,装備者の「狂気解放」のクリティカル率とクリティカルダメージが<WeaponEffect_Num:[StateArg2]%>増加する。装備者が「狂気解放」を発動した後、体力の<WeaponEffect_Num:[StateArg1]%>に等しい<PowerIconKeywords:力>を獲得し、<CardKeyWord:捕食>効果を発動した場合、追加で1回<PowerIconKeywords:力>を獲得する。
State_3203_Desc,aWRW,z状态表_State_A.csv,1795,State,Desc,,队伍唯一：装备者造成的护盾提高 <WeaponEffect_Num:[StateArg3]%>。装备者的「防御」对生命最高敌人造成装备者防御力  <WeaponEffect_Num:[StateArg1]%> 的<IntoxicationIconKeywords:中毒>。若当前界域为「血肉」，施加<IntoxicationIconKeywords:中毒>时<EmbryoFusionIconKeywords:胚胎融合> 增加 <WeaponEffect_Num:[StateArg2]%>，该效果每回合最多触发 3 次。,唯一装備：装備者の与えるシールドが<WeaponEffect_Num:[StateArg3]%>増加する。装備者の「防御」はライフが最も高い敵に防御力の<WeaponEffect_Num:[StateArg1]%>分の<IntoxicationIconKeywords:毒>を付与する。現在の界域が「血肉」の場合、<IntoxicationIconKeywords:毒>を付与すると<EmbryoFusionIconKeywords:胚胎融合>が<WeaponEffect_Num:[StateArg2]%>増加し、毎ターン最大3回まで発動する。
State_3203_WeaponDesc,aWRY,z状态表_State_A.csv,1795,State,WeaponDesc,,装备者造成的护盾提高 <WeaponEffect_Num:[StateArg3]%>。装备者的「防御」对生命最高敌人造成 <WeaponEffect_Num:[Poison:DescArg1]> 层<IntoxicationIconKeywords:中毒>。若当前界域为「血肉」，施加<IntoxicationIconKeywords:中毒>时<EmbryoFusionIconKeywords:胚胎融合> 增加 <WeaponEffect_Num:[StateArg2]%>，该效果每回合最多触发 3 次。,装備者の与えるシールドが<WeaponEffect_Num:[StateArg3]%>増加する。装備者の「防御」はライフが最も高い敵に防御力の<WeaponEffect_Num:[StateArg1]%>分の<IntoxicationIconKeywords:毒>を付与する。現在の界域が「血肉」の場合、<IntoxicationIconKeywords:毒>を付与すると<EmbryoFusionIconKeywords:胚胎融合>が<WeaponEffect_Num:[StateArg2]%>増加し、毎ターン最大3回まで発動する。
State_2823_Desc,aWxl,z状态表_State_A.csv,1797,State,Desc,,队伍唯一：战斗开始时对前排敌人施加 2 层<VulnerabilityIconKeywords:易伤>。回合开始时，处于易伤状态的敌人失去等同于装备者攻击力 <WeaponEffect_Num:[StateArg1]%> 的临时<PowerIconKeywords:力量>。若当前界域为「血肉」，装备者释放「狂气爆发」后，胚胎融合 +<WeaponEffect_Num:[StateArg2]%>。,唯一装備：戦闘開始時、前列の敵に2点の<VulnerabilityIconKeywords:易傷>を付与する。ターン開始時、易傷状態の敵から攻撃力の<WeaponEffect_Num:[StateArg1]%>に等しい<PowerIconKeywords:力>を一時的に減少させる。現在の界域が「血肉」の場合、装備者が「狂気解放」を発動した後、胚胎融合+<WeaponEffect_Num:[StateArg2]%>。
State_2823_WeaponDesc,aWxn,z状态表_State_A.csv,1797,State,WeaponDesc,,战斗开始时，对前排敌人施加 2 层<VulnerabilityIconKeywords:易伤>。回合开始时，处于易伤状态的敌人失去 <WeaponEffect_Num:[Power:DescArg1]> 点临时<PowerIconKeywords:力量>。若当前界域为「血肉」，装备者释放「狂气爆发」后，胚胎融合 +<WeaponEffect_Num:[StateArg2]%>。,戦闘開始時、前列の敵に2点の<VulnerabilityIconKeywords:易傷>を付与する。ターン開始時、易傷状態の敵から攻撃力の<WeaponEffect_Num:[StateArg1]%>に等しい<PowerIconKeywords:力>を一時的に減少させる。現在の界域が「血肉」の場合、装備者が「狂気解放」を発動した後、胚胎融合+<WeaponEffect_Num:[StateArg2]%>。
State_3648_Desc,aXxO,z状态表_State_A.csv,1799,State,Desc,,队伍唯一：装备者生命回复效果提高 <WeaponEffect_Num:[StateArg2]%> 。回合开始时，获得等同于上回合损失生命 <WeaponEffect_Num:[StateArg1]%> 的临时<PowerIconKeywords:力量>和护盾。,唯一装備：装備者のライフ回復効果が<WeaponEffect_Num:[StateArg2]%>増加する。ターン開始時、前のターンに失ったライフの<WeaponEffect_Num:[StateArg1]%>に等しい一時的な<PowerIconKeywords:力>とシールドを獲得する。
State_3648_WeaponDesc,aXxQ,z状态表_State_A.csv,1799,State,WeaponDesc,,装备者生命回复效果提高 <WeaponEffect_Num:[StateArg2]%> 。回合开始时，获得等同于上回合损失生命 <WeaponEffect_Num:[StateArg1]%> 的临时<PowerIconKeywords:力量>和护盾。,装備者のライフ回復効果が<WeaponEffect_Num:[StateArg2]%>増加する。ターン開始時、前のターンに失ったライフの<WeaponEffect_Num:[StateArg1]%>に等しい一時的な<PowerIconKeywords:力>とシールドを獲得する。
State_3416_Desc,aXds,z状态表_State_A.csv,1802,State,Desc,,队伍唯一：战斗开始后，获得等同于装备者防御力 <WeaponEffect_Num:[StateArg1]%> 的反击。触发<DeathResistanceIconKeywords: 死亡抵抗>后，获得至多总计 2 层「摇篮」：全体友方造成的护盾和生命回复提高 <WeaponEffect_Num:[StateArg2]%> ，回合结束时移除 1 层，若当前界域为「血肉」，触发<DeathResistanceIconKeywords: 死亡抵抗>后胚胎融合 <WeaponEffect_Num:+[StateArg3]%> 。,唯一装備：戦闘開始後、装備者の防御力の<WeaponEffect_Num:[StateArg1]%>に等しい反撃を獲得する。<DeathResistanceIconKeywords: 死亡抵抗>を発動した後、最大2点の「揺りかご」を獲得する：すべての覚醒体が与えるシールドとライフ回復効果が<WeaponEffect_Num:[StateArg2]%>増加し、ターン終了時に1点除去する。現在の界域が「血肉」の場合、<DeathResistanceIconKeywords: 死亡抵抗>を発動した後、胚胎融合+<WeaponEffect_Num:+[StateArg3]%>。
State_3416_WeaponDesc,aXdu,z状态表_State_A.csv,1802,State,WeaponDesc,,战斗开始后，获得 <WeaponEffect_Num:[Counterattack:DescArg1]> 层反击。触发<DeathResistanceIconKeywords: 死亡抵抗>后，获得至多总计 2 层「摇篮」：全体友方造成的护盾和生命回复提高 <WeaponEffect_Num:[StateArg2]%> ，回合结束时移除 1 层，若当前界域为「血肉」，触发<DeathResistanceIconKeywords: 死亡抵抗>后胚胎融合 <WeaponEffect_Num:+[StateArg3]%> 。,戦闘開始後、装備者の防御力の<WeaponEffect_Num:[StateArg1]%>に等しい反撃を獲得する。<DeathResistanceIconKeywords: 死亡抵抗>を発動した後、最大2点の「揺りかご」を獲得する：すべての覚醒体が与えるシールドとライフ回復効果が<WeaponEffect_Num:[StateArg2]%>増加し、ターン終了時に1点除去する。現在の界域が「血肉」の場合、<DeathResistanceIconKeywords: 死亡抵抗>を発動した後、胚胎融合+<WeaponEffect_Num:+[StateArg3]%>。
State_3128_Desc,aWNX,z状态表_State_A.csv,1803,State,Desc,,所有唤醒体造成的护盾和生命回复提高 [StateArg1]%。,すべての覚醒体が与えるシールドとライフ回復効果が[StateArg1]%増加する。
State_3128_Name,aWNY,z状态表_State_A.csv,1803,State,Name,,摇篮,揺りかご
State_2883_Desc,aWAx,z状态表_State_A.csv,1804,State,Desc,,队伍唯一：装备者造成伤害后，有  <WeaponEffect_Num:[StateArg1]%> 的概率抽 1 张装备者的指令卡并使其算力消耗降低 1。该效果单个回合只生效 1 次。,唯一装備：装備者がダメージを与えた後、<WeaponEffect_Num:[StateArg1]%>の確率で装備者の指令カードを1枚引き、そのカードの行動力消費を1減少させる。この効果は1ターンに1回のみ発動する。
State_2883_WeaponDesc,aWAz,z状态表_State_A.csv,1804,State,WeaponDesc,,装备者造成伤害后，有  <WeaponEffect_Num:[StateArg1]%> 的概率抽 1 张装备者的指令卡并使其算力消耗降低 1。该效果单个回合只生效 1 次。,装備者がダメージを与えた後、<WeaponEffect_Num:[StateArg1]%>の確率で装備者の指令カードを1枚引き、そのカードの行動力消費を1減少させる。この効果は1ターンに1回のみ発動する。
State_3395_Desc,aXck,z状态表_State_A.csv,1807,State,Desc,,队伍唯一：装备者的「打击」基础伤害提高 25%，「防御」基础护盾提高 25%。打出装备者「打击」时获得装备者攻击力 <WeaponEffect_Num:[StateArg1]%> 的临时<PowerIconKeywords:力量>，打出装备者「防御」时获得装备者防御力 <WeaponEffect_Num:[StateArg2]%> 的临时<AlertIconKeywords:戒备>。若当前界域为「超维」，进入超维回合时获得一次临时<PowerIconKeywords:力量>与临时<AlertIconKeywords:戒备>。,唯一装備：装備者の「攻撃」が与えるダメージの基礎効果が25%増加し、「防御」で獲得するシールドの基礎効果が25%増加する。装備者の「打撃」を使用すると、<WeaponEffect_Num:[Power:DescArg1]>点の一時的な<PowerIconKeywords:力>を獲得し、「防御」を使用すると、<WeaponEffect_Num:[DescArg2]>点の一時的な<AlertIconKeywords:警戒>を獲得する。現在の界域が「超次元」の場合、超次元ターン開始時、一時的な<PowerIconKeywords:力>と一時的な<AlertIconKeywords:警戒>を獲得する。
State_3395_WeaponDesc,aXcm,z状态表_State_A.csv,1807,State,WeaponDesc,,装备者的「打击」基础伤害提高 25%，「防御」基础护盾提高 25%。打出装备者「打击」时获得 <WeaponEffect_Num:[Power:DescArg1]> 点临时<PowerIconKeywords:力量>，打出装备者「防御」时获得<WeaponEffect_Num:[DescArg2]> 点临时<AlertIconKeywords:戒备>。若当前界域为「超维」，进入超维回合时获得一次临时<PowerIconKeywords:力量>与临时<AlertIconKeywords:戒备>。,装備者の「攻撃」が与えるダメージの基礎効果が25%増加し、「防御」で獲得するシールドの基礎効果が25%増加する。装備者の「打撃」を使用すると、<WeaponEffect_Num:[Power:DescArg1]>点の一時的な<PowerIconKeywords:力>を獲得し、「防御」を使用すると、<WeaponEffect_Num:[DescArg2]>点の一時的な<AlertIconKeywords:警戒>を獲得する。現在の界域が「超次元」の場合、超次元ターン開始時、一時的な<PowerIconKeywords:力>と一時的な<AlertIconKeywords:警戒>を獲得する。
State_3499_Desc,aXiw,z状态表_State_A.csv,1809,State,Desc,,队伍唯一：装备者产生的狂气提高 <WeaponEffect_Num:[StateArg1]%> 。装备者释放狂气爆发后，获得 <WeaponEffect_Num:[StateArg2]> 点银钥能量。,唯一装備：装備者の獲得する狂気が<WeaponEffect_Num:[StateArg1]%>増加する。装備者が「狂気解放」を発動した後、<WeaponEffect_Num:[StateArg2]>キーエネルギーを獲得する。
State_3499_WeaponDesc,aXiy,z状态表_State_A.csv,1809,State,WeaponDesc,,装备者产生的狂气提高 <WeaponEffect_Num:[StateArg1]%> 。装备者释放狂气爆发后，获得 <WeaponEffect_Num:[StateArg2]> 点银钥能量。,装備者の獲得する狂気が<WeaponEffect_Num:[StateArg1]%>増加する。装備者が「狂気解放」を発動した後、<WeaponEffect_Num:[StateArg2]>キーエネルギーを獲得する。
State_2691_Desc,aWqs,z状态表_State_A.csv,1810,State,Desc,,队伍唯一：装备者释放狂气爆发后，获得 <WeaponEffect_Num:[StateArg1]> 点狂气与 <WeaponEffect_Num:[StateArg2]> 点银钥能量，每有 4 张手牌就重复 1 次。若当前界域为「超维」时，装备者的卡牌进入超维空间后，获得等同于装备者攻击力 <WeaponEffect_Num:[StateArg3]%> 的临时力量，每回合最多触发 2 次。,唯一装備：装備者が「狂気解放」を発動した後、<WeaponEffect_Num:[StateArg1]>狂気と<WeaponEffect_Num:[StateArg2]>キーエネルギーを獲得し、手札が4枚あるごとに1回繰り返す。現在の界域が「超次元」の場合、装備者のカードが超次元空間に置かれた後、攻撃力の<WeaponEffect_Num:[StateArg3]％>に等しい一時的な力を獲得し、毎ターン最大2回まで発動する。
State_2691_WeaponDesc,aWqu,z状态表_State_A.csv,1810,State,WeaponDesc,,装备者释放狂气爆发后，获得 <WeaponEffect_Num:[StateArg1]> 点狂气与 <WeaponEffect_Num:[StateArg2]> 点银钥能量，每有 4 张手牌就重复 1 次。若当前界域为「超维」时，装备者的卡牌进入超维空间后，获得 <WeaponEffect_Num:[Power:DescArg1]> 点临时力量，每回合最多触发 2 次。,装備者が「狂気解放」を発動した後、<WeaponEffect_Num:[StateArg1]>狂気と<WeaponEffect_Num:[StateArg2]>キーエネルギーを獲得し、手札が4枚あるごとに1回繰り返す。現在の界域が「超次元」の場合、装備者のカードが超次元空間に置かれた後、攻撃力の<WeaponEffect_Num:[StateArg3]％>に等しい一時的な力を獲得し、毎ターン最大2回まで発動する。
State_2447_Desc,aVYs,z状态表_State_A.csv,1812,State,Desc,,队伍唯一：装备者指令卡暴击率和暴击伤害、指令卡造成的护盾、生命回复、狂气和力量提高 <WeaponEffect_Num:[StateArg1]%>。若当前界域为「超维」，释放「湮灭」后获得 <WeaponEffect_Num:[StateArg2]> 点银钥能量。进入超维回合后，本回合下一个钥令释放 2 次。,唯一装備：装備者の指令カードのクリティカル率とクリティカルダメージ、シールド、ライフ回復効果、狂気、力が<WeaponEffect_Num:[StateArg1]％>増加する。現在の界域が「超次元」の場合、「湮滅」使用後、<WeaponEffect_Num:[StateArg2]>キーエネルギーを獲得し、超次元ターン中に使用するキーオーダーは効果が2回発動する。
State_2447_WeaponDesc,aVYu,z状态表_State_A.csv,1812,State,WeaponDesc,,装备者指令卡暴击率和暴击伤害、指令卡造成的护盾、生命回复、狂气和力量提高 <WeaponEffect_Num:[StateArg1]%>。若当前界域为「超维」，释放「湮灭」后获得 <WeaponEffect_Num:[StateArg2]> 点银钥能量。进入超维回合后，本回合下一个钥令释放 2 次。,装備者の指令カードのクリティカル率とクリティカルダメージ、シールド、ライフ回復効果、狂気、力が<WeaponEffect_Num:[StateArg1]％>増加する。現在の界域が「超次元」の場合、「湮滅」使用後、<WeaponEffect_Num:[StateArg2]>キーエネルギーを獲得し、超次元ターン中に使用するキーオーダーは効果が2回発動する。
State_3824_Desc,aXID,z状态表_State_A.csv,1815,State,Desc,,"队伍唯一：装备者的狂气爆发基础伤害提高 [StateArg1]%。探索开始时，装备者进入学者人格状态。装备者释放狂气爆发后在学者人格和小丑人格之间切换。
学者人格：回合结束时，装备者获得 <WeaponEffect_Num:[StateArg2]> 点狂气。
小丑人格：回合结束时，装备者暴击率和暴击伤害 <WeaponEffect_Num:+[StateArg3]%>。",唯一装備：装備者の「狂気解放」が与えるダメージの基礎効果が[StateArg1]%増加する。探索開始時、装備者は「学者人格」になり、「狂気解放」を発動すると「学者人格」と「ピエロ人格」が切り替わる。/n学者人格：ターン終了時、<WeaponEffect_Num:[StateArg2]>狂気を獲得する。\nピエロ人格：ターン終了時、クリティカル率とクリティカルダメージが<WeaponEffect_Num:[StateArg3]%>増加する。
State_3824_WeaponDesc,aXIF,z状态表_State_A.csv,1815,State,WeaponDesc,,"装备者的狂气爆发基础伤害提高 [StateArg1]%。探索开始时，装备者进入学者人格状态。装备者释放狂气爆发后在学者人格和小丑人格之间切换。
学者人格：回合结束时，装备者获得 <WeaponEffect_Num:[StateArg2]> 点狂气。
小丑人格：回合结束时，装备者暴击率和暴击伤害 <WeaponEffect_Num:+[StateArg3]%>。",装備者の「狂気解放」が与えるダメージの基礎効果が[StateArg1]%増加する。探索開始時、装備者は「学者人格」になり、「狂気解放」を発動すると「学者人格」と「ピエロ人格」が切り替わる。/n学者人格：ターン終了時、<WeaponEffect_Num:[StateArg2]>狂気を獲得する。\nピエロ人格：ターン終了時、クリティカル率とクリティカルダメージが<WeaponEffect_Num:[StateArg3]%>増加する。
State_95944_Desc,bzZy,z状态表_State_A.csv,1832,State,Desc,,队伍唯一：装备者造成的基础伤害提高 <WeaponEffect_Num:[StateArg1]%>，每造成 1 次击杀就使装备者本次探索内暴击率提高 2％ 且狂气爆发造成的基础伤害提高 <WeaponEffect_Num:[StateArg2]%>，至多叠加 10 次。若当前界域为「血肉」，对装备者直接使用「胚胎」时额外获得 <WeaponEffect_Num:[StateArg4]> 点狂气，3 回合冷却。,唯一装備：装備者が与えるダメージの基礎効果が<WeaponEffect_Num:[StateArg1]%>増加する。敵を1体撃破するたび、この探索中のクリティカル率が2％増加し、「狂気解放」が与えるダメージの基礎効果が<WeaponEffect_Num:[StateArg2]%>増加し、最大10回まで累積可能。現在の界域が「血肉」の場合、装備者に「胚胎」を直接使用すると、追加で<WeaponEffect_Num:[StateArg4]>狂気を獲得し、クールダウン3ターン。
State_95944_WeaponDesc,bzZz,z状态表_State_A.csv,1832,State,WeaponDesc,,装备者造成的基础伤害提高 <WeaponEffect_Num:[StateArg1]%>，每造成 1 次击杀就使装备者本次探索内暴击率提高 2％ 且狂气爆发造成的基础伤害提高 <WeaponEffect_Num:[StateArg2]%>，至多叠加 10 次。若当前界域为「血肉」，对装备者直接使用「胚胎」时额外获得 <WeaponEffect_Num:[StateArg4]> 点狂气，3 回合冷却。,装備者が与えるダメージの基礎効果が<WeaponEffect_Num:[StateArg1]%>増加する。敵を1体撃破するたび、この探索中のクリティカル率が2％増加し、「狂気解放」が与えるダメージの基礎効果が<WeaponEffect_Num:[StateArg2]%>増加し、最大10回まで累積可能。現在の界域が「血肉」の場合、装備者に「胚胎」を直接使用すると、追加で<WeaponEffect_Num:[StateArg4]>狂気を獲得し、クールダウン3ターン。
State_95964_Desc,bzZK,z状态表_State_A.csv,1833,State,Desc,,队伍唯一：装备者造成的基础伤害提高 <WeaponEffect_Num:[StateArg1]%>。若当前界域为「血肉」，装备者击杀敌方时积攒装备者攻击力 <WeaponEffect_Num:[StateArg2]%> 的猩红熔炉。,唯一装備：装備者が与えるダメージの基礎効果が<WeaponEffect_Num:[StateArg1]%>増加する。現在の界域が「血肉」の場合、装備者が敵を撃破した時、攻撃力の<WeaponEffect_Num:[StateArg2]%>分の猩紅炉を蓄積する。
State_95964_WeaponDesc,bzZL,z状态表_State_A.csv,1833,State,WeaponDesc,,装备者造成的基础伤害提高 <WeaponEffect_Num:[StateArg1]%>。若当前界域为「血肉」，装备者击杀敌方时积攒 <WeaponEffect_Num:[DescArg1]> 点猩红熔炉。,装備者が与えるダメージの基礎効果が<WeaponEffect_Num:[StateArg1]%>増加する。現在の界域が「血肉」の場合、装備者が敵を撃破した時、攻撃力の<WeaponEffect_Num:[StateArg2]%>分の猩紅炉を蓄積する。
State_90221_Desc,bxPj,z状态表_State_A.csv,1835,State,Desc,,队伍唯一：装备者造成的护盾提高 <WeaponEffect_Num:[StateArg1]%>，回合结束时获得装备者防御力 <WeaponEffect_Num:[StateArg2]%> 的护盾，每回合提高防御力的 2％。,唯一装備：装備者の与えるシールドが <WeaponEffect_Num:[StateArg1]%>増加し、ターン終了時、装備者の防御力の<WeaponEffect_Num:[StateArg2]%>分のシールドを獲得する。毎ターン防御力が2％増加する。
State_90221_WeaponDesc,bxPk,z状态表_State_A.csv,1835,State,WeaponDesc,,装备者造成的护盾提高 <WeaponEffect_Num:[StateArg1]%>，回合结束时获得 <WeaponEffect_Num:[Block:DescArg1]> 点护盾。,装備者の与えるシールドが <WeaponEffect_Num:[StateArg1]%>増加し、ターン終了時、装備者の防御力の<WeaponEffect_Num:[StateArg2]%>分のシールドを獲得する。
State_90218_Desc,bxPh,z状态表_State_A.csv,1837,State,Desc,,队伍唯一：手牌上限+2，同类效果无法叠加。装备者造成的护盾和基础伤害提高 <WeaponEffect_Num:[StateArg1]%>，进入超维回合后获得 <WeaponEffect_Num:[StateArg2]> 点狂气。释放「湮灭」后所有唤醒体临时暴击伤害+<WeaponEffect_Num:[StateArg3]%>，3 回合冷却。,唯一装備：手札の上限+2、同じ効果は重複しない。装備者が与えるシールドとダメージの基礎効果が<WeaponEffect_Num:[StateArg1]%>増加し、超次元ターン開始後、<WeaponEffect_Num:[StateArg2]>狂気を獲得する。「湮滅」使用後、すべての覚醒体の一時的なクリティカルダメージが<WeaponEffect_Num:[StateArg3]%>増加し、クールダウン3ターン。
State_90218_WeaponDesc,bxPi,z状态表_State_A.csv,1837,State,WeaponDesc,,手牌上限+2，同类效果无法叠加。装备者造成的护盾和基础伤害提高 <WeaponEffect_Num:[StateArg1]%>，进入超维回合后获得 <WeaponEffect_Num:[StateArg2]> 点狂气。释放「湮灭」后所有唤醒体临时暴击伤害+<WeaponEffect_Num:[StateArg3]%>，3 回合冷却。,手札の上限+2、同じ効果は重複しない。装備者が与えるシールドとダメージの基礎効果が<WeaponEffect_Num:[StateArg1]%>増加し、超次元ターン開始後、<WeaponEffect_Num:[StateArg2]>狂気を獲得する。「湮滅」使用後、すべての覚醒体の一時的なクリティカルダメージが<WeaponEffect_Num:[StateArg3]%>増加し、クールダウン3ターン。
State_89555_Desc,bxAk,z状态表_State_A.csv,1841,State,Desc,,队伍唯一：装备者释放狂气爆发后，使狂气爆发基础伤害提高 <WeaponEffect_Num:[StateArg1]%>，护盾和生命回复提高 <WeaponEffect_Num:[StateArg2]%>，至多叠加 5 次。完成探索后，装备者获得的同调率提高 <WeaponEffect_Num:[StateArg3]%>。,唯一装備：装備者が「狂気解放」を発動した後、「狂気解放」が与えるダメージの基礎効果が<WeaponEffect_Num:[StateArg1]%>増加し、シールドとライフ回復効果が<WeaponEffect_Num:[StateArg2]%>増加し、最大5回まで累積可能。探索完了後、装備者の獲得する同調率が<WeaponEffect_Num:[StateArg3]%>増加する。
State_89555_WeaponDesc,bxAl,z状态表_State_A.csv,1841,State,WeaponDesc,,装备者释放狂气爆发后，使狂气爆发基础伤害提高 <WeaponEffect_Num:[StateArg1]%>，护盾和生命回复提高 <WeaponEffect_Num:[StateArg2]%>，至多叠加 5 次。完成探索后，装备者获得的同调率提高 <WeaponEffect_Num:[StateArg3]%>。,装備者が「狂気解放」を発動した後、「狂気解放」が与えるダメージの基礎効果が<WeaponEffect_Num:[StateArg1]%>増加し、シールドとライフ回復効果が<WeaponEffect_Num:[StateArg2]%>増加し、最大5回まで累積可能。探索完了後、装備者の獲得する同調率が<WeaponEffect_Num:[StateArg3]%>増加する。
State_84255_Desc,bvQx,z状态表_State_A.csv,1846,State,Desc,,队伍唯一：战斗开始时，获得等同于装备者防御力 <WeaponEffect_Num:[StateArg1]%> 的护盾。触发死亡抵抗后，下回合开始时再次触发该效果。,唯一装備：戦闘開始時、裝備者の防御力の<WeaponEffect_Num:[StateArg1]%>に等しいシールドを獲得する。死亡抵抗を発動した後、次のターン開始時に同じ効果が発動する。
State_84255_WeaponDesc,bvQz,z状态表_State_A.csv,1846,State,WeaponDesc,,战斗开始时，获得 <WeaponEffect_Num:[Block:DescArg1]> 点护盾。触发死亡抵抗后，下回合开始时再次触发该效果。,戦闘開始時、裝備者の防御力の<WeaponEffect_Num:[StateArg1]%>に等しいシールドを獲得する。死亡抵抗を発動した後、次のターン開始時に同じ効果が発動する。
State_84257_Desc,bvQA,z状态表_State_A.csv,1848,State,Desc,,队伍唯一：装备者狂气爆发造成的护盾提高 <WeaponEffect_Num:[StateArg1]%>，释放狂气爆发后所有唤醒体临时暴击伤害提高 <WeaponEffect_Num:[StateArg2]%>，每有 1 条触腕额外提高 1％。每次探索首次触发死亡抵抗后，下回合开始时回复最大生命的 <WeaponEffect_Num:[StateArg3]%>,唯一装備：裝備者の「狂気解放」によるシールドが<WeaponEffect_Num:[StateArg1]%>増加する。「狂気解放」を発動した後、すべての覚醒体のクリティカルダメージが一時的に<WeaponEffect_Num:[StateArg2]%>増加し、触腕1本ごとに1%追加する。探索ごとに初めて死亡抵抗を発動した後、次のターン開始時に最大ライフの<WeaponEffect_Num:[StateArg3]%>を回復する。
State_84257_WeaponDesc,bvQC,z状态表_State_A.csv,1848,State,WeaponDesc,,装备者狂气爆发造成的护盾提高 <WeaponEffect_Num:[StateArg1]%>，释放狂气爆发后所有唤醒体临时暴击伤害提高 <WeaponEffect_Num:[StateArg2]%>，每有 1 条触腕额外提高 1％。每次探索首次触发死亡抵抗后，下回合开始时回复最大生命的 <WeaponEffect_Num:[StateArg3]%>。,裝備者の「狂気解放」によるシールドが<WeaponEffect_Num:[StateArg1]%>増加する。「狂気解放」を発動した後、すべての覚醒体のクリティカルダメージが一時的に<WeaponEffect_Num:[StateArg2]%>増加し、触腕1本ごとに1%追加する。探索ごとに初めて死亡抵抗を発動した後、次のターン開始時に最大ライフの<WeaponEffect_Num:[StateArg3]%>を回復する。
State_80174_Desc,btaF,z状态表_State_A.csv,1852,State,Desc,,队伍唯一:装备者银钥充能提高 <WeaponEffect_Num:[StateArg1]%>。首场战斗开始后，对所有敌人施加 1 层虚弱和易伤。,唯一装備：装備者のキーチャージが<WeaponEffect_Num:[StateArg1]%>増加する。最初の戦闘開始後、すべての敵に1点の虚弱と脆弱を与える。
State_80174_WeaponDesc,btaH,z状态表_State_A.csv,1852,State,WeaponDesc,,装备者银钥充能提高 <WeaponEffect_Num:[DescArg1]>。首场战斗开始后，对所有敌人施加 1 层虚弱和易伤。,装備者のキーチャージが<WeaponEffect_Num:[StateArg1]%>増加する。最初の戦闘開始後、すべての敵に1点の虚弱と脆弱を与える。
State_80161_Desc,btat,z状态表_State_A.csv,1853,State,Desc,,队伍唯一：装备者狂气爆发造成的基础伤害提高 <WeaponEffect_Num:[StateArg1]%>，银钥充能提高 <WeaponEffect_Num:[StateArg2]%>。进入超维回合后，所有唤醒体获得 <WeaponEffect_Num:[StateArg4]> 点狂气。释放「湮灭」后，装备者获得 <WeaponEffect_Num:[StateArg3]> 点狂气。,唯一装備：装備者の「狂気解放」で与えるダメージの基礎効果が<WeaponEffect_Num:[StateArg1]%>増加し、キーチャージが <WeaponEffect_Num:[StateArg2]%>増加する。超次元ターン開始後、すべての覚醒体が<WeaponEffect_Num:[StateArg4]>狂気を獲得する。「湮滅」発動後、装備者は<WeaponEffect_Num:[StateArg3]>狂気を獲得する。
State_80161_WeaponDesc,btav,z状态表_State_A.csv,1853,State,WeaponDesc,,装备者狂气爆发造成的基础伤害提高 <WeaponEffect_Num:[StateArg1]%>，银钥充能提高 <WeaponEffect_Num:[DescArg1]>。进入超维回合后，所有唤醒体获得 <WeaponEffect_Num:[StateArg4]> 点狂气。释放「湮灭」后，装备者获得 <WeaponEffect_Num:[StateArg3]> 点狂气。,装備者の「狂気解放」で与えるダメージの基礎効果が<WeaponEffect_Num:[StateArg1]%>増加し、キーチャージが <WeaponEffect_Num:[StateArg2]%>増加する。超次元ターン開始後、すべての覚醒体が<WeaponEffect_Num:[StateArg4]>狂気を獲得する。「湮滅」発動後、装備者は<WeaponEffect_Num:[StateArg3]>狂気を獲得する。
State_66703_Desc,aZlo,z状态表_State_A.csv,1854,State,Desc,,队伍唯一：银钥积攒上限提高 100%。手牌上限+2，无法和其他命轮提供的手牌上限叠加。装备者银钥充能提高 <WeaponEffect_Num:[StateArg1]%>。装备者打出卡牌后，本回合装备者指令卡暴击率和暴击伤害、造成的护盾、狂气和力量提高 <WeaponEffect_Num:[StateArg2]%>，至多叠加 5 层。,唯一装備：キーエネルギー上限が100%増加する。手札の上限+2、同じ効果は重複しない。装備者のキーチャージが<WeaponEffect_Num:[StateArg1]%>増加する。装備者がカードを使用した後、そのターン中、装備者の指令カードのクリティカル率とクリティカルダメージ、シールド、狂気、力が<WeaponEffect_Num:[StateArg2]%>増加し、最大5回まで累積可能。
State_66703_WeaponDesc,aZlq,z状态表_State_A.csv,1854,State,WeaponDesc,,银钥积攒上限提高 100%。手牌上限+2，无法和其他命轮提供的手牌上限叠加。装备者银钥充能提高 <WeaponEffect_Num:[DescArg2]>。装备者打出卡牌后，本回合装备者指令卡暴击率和暴击伤害、造成的护盾、狂气和力量提高 <WeaponEffect_Num:[StateArg2]%>，至多叠加 5 层(当前 [DescArg1] 层)。,キーエネルギー上限が100%増加する。手札の上限+2、同じ効果は重複しない。装備者のキーチャージが<WeaponEffect_Num:[StateArg1]%>増加する。装備者がカードを使用した後、そのターン中、装備者の指令カードのクリティカル率とクリティカルダメージ、シールド、狂気、力が<WeaponEffect_Num:[StateArg2]%>増加し、最大5回まで累積可能。
State_74910_Desc,baag,z状态表_State_A.csv,1856,State,Desc,,队伍唯一：若装备者为唤醒体「拉蒙娜」，完成关卡时获得的同调率提高 <WeaponEffect_Num:[StateArg1]%>。,唯一装備：装備者が覚醒体「ラモンナ」の場合、調査完了時に獲得する同調率が<WeaponEffect_Num:[StateArg1]％>増加する。
State_74910_WeaponDesc,baai,z状态表_State_A.csv,1856,State,WeaponDesc,,若装备者为唤醒体「拉蒙娜」，完成关卡时获得的同调率提高 <WeaponEffect_Num:[StateArg1]%>。,装備者が覚醒体「ラモンナ」の場合、調査完了時に獲得する同調率が<WeaponEffect_Num:[StateArg1]％>増加する。
State_74847_Desc,aZZh,z状态表_State_A.csv,1859,State,Desc,,队伍唯一：装备者每回合使用的第一张指令卡造成的基础伤害提高 <WeaponEffect_Num:[StateArg1]%>。若其进入了超维空间，装备者获得 <WeaponEffect_Num:[StateArg2]> 点狂气。,唯一装備：毎ターン初めて使用する装備者の指令カードが与えるダメージの基礎効果が<WeaponEffect_Num:[StateArg1]％>増加する。そのカードが超次元空間に置かれた場合、装備者は<WeaponEffect_Num:[StateArg2]>狂気を獲得する。
State_74847_WeaponDesc,aZZj,z状态表_State_A.csv,1859,State,WeaponDesc,,装备者每回合使用的第一张指令卡造成的基础伤害提高 <WeaponEffect_Num:[StateArg1]%>。若其进入了超维空间，装备者获得 <WeaponEffect_Num:[StateArg2]> 点狂气。,毎ターン初めて使用する装備者の指令カードが与えるダメージの基礎効果が<WeaponEffect_Num:[StateArg1]％>増加する。そのカードが超次元空間に置かれた場合、装備者は<WeaponEffect_Num:[StateArg2]>狂気を獲得する。
State_70832_Desc,aZIH,z状态表_State_A.csv,1862,State,Desc,,队伍唯一：战斗开始时，装备者获得等同于 <WeaponEffect_Num:[StateArg1]%> 装备者狂气回充的狂气。装备者每场战斗首次释放狂气爆发后，重复一次该效果。,唯一装備：戦闘開始時、装備者が狂気増加の<WeaponEffect_Num:[StateArg1]％>に等しい狂気を獲得する。装備者が戦闘ごとに初めて「狂気解放」を発動した後、この効果が再度発動する。
State_70832_WeaponDesc,aZIJ,z状态表_State_A.csv,1862,State,WeaponDesc,,战斗开始时，装备者获得等同于 <WeaponEffect_Num:[StateArg1]%> 装备者狂气回充的狂气（<WeaponEffect_Num:[DescArg1]>）。装备者每场战斗首次释放狂气爆发后，重复一次该效果。,戦闘開始時、装備者が狂気増加の<WeaponEffect_Num:[StateArg1]％>に等しい狂気を獲得する。装備者が戦闘ごとに初めて「狂気解放」を発動した後、この効果が再度発動する。
State_70835_Desc,aZIN,z状态表_State_A.csv,1865,State,Desc,,队伍唯一：装备者造成的狂气、中毒、生命回复提高 <WeaponEffect_Num:[StateArg1]%>。装备者释放狂气爆发后，获得等同于本次狂气消耗 <WeaponEffect_Num:[StateArg2]%> 的狂气。,唯一装備：装備者の与える狂気、毒、ライフ回復効果が<WeaponEffect_Num:[StateArg1]%>増加する。装備者が「狂気解放」を発動した後、今回消費した狂気の<WeaponEffect_Num:[StateArg2]%>を獲得する。
State_70835_WeaponDesc,aZIP,z状态表_State_A.csv,1865,State,WeaponDesc,,装备者造成的狂气、中毒、生命回复提高 <WeaponEffect_Num:[StateArg1]%>。装备者释放狂气爆发后，获得等同于本次狂气消耗 <WeaponEffect_Num:[StateArg2]%> 的狂气。,装備者の与える狂気、毒、ライフ回復効果が<WeaponEffect_Num:[StateArg1]%>増加する。装備者が「狂気解放」を発動した後、今回消費した狂気の<WeaponEffect_Num:[StateArg2]%>を獲得する。
State_70031_Desc,aZAf,z状态表_State_A.csv,1868,State,Desc,,队伍唯一：战斗开始时，赋予抽牌堆中装备者所有算力消耗大于等于 3 的指令卡「不朽支配」效果：此卡牌拥有「保留」，打出后所有唤醒体临时暴击率提高 <WeaponEffect_Num:[StateArg1]%> 并移除「不朽支配」。若当前界域为深海，「不朽支配」移除后获得 1 点算力。,唯一装備：戦闘開始時、山札にある装備者の行動力消費が3以上の指令カードに「不滅の支配」効果を付与する：「保留」を獲得し、使用した後、一時的なクリティカル率が<WeaponEffect_Num:[StateArg1]％>増加し、「不滅の支配」を解除する。現在の界域が「深海」の場合、「不滅の支配」解除後に1点の行動力を獲得する。
State_70031_WeaponDesc,aZAh,z状态表_State_A.csv,1868,State,WeaponDesc,,战斗开始时，赋予抽牌堆中装备者所有算力消耗大于等于 3 的指令卡「不朽支配」效果：此卡牌拥有「保留」，打出后所有唤醒体临时暴击率提高 <WeaponEffect_Num:[StateArg1]%> 并移除「不朽支配」。若当前界域为深海，「不朽支配」移除后获得 1 点算力。,戦闘開始時、山札にある装備者の行動力消費が3以上の指令カードに「不滅の支配」効果を付与する：「保留」を獲得し、使用した後、一時的なクリティカル率が<WeaponEffect_Num:[StateArg1]％>増加し、「不滅の支配」を解除する。現在の界域が「深海」の場合、「不滅の支配」解除後に1点の行動力を獲得する。
State_65360_Desc,aZfi,z状态表_State_A.csv,1881,State,Desc,,队伍唯一：装备者造成的基础伤害提高 <WeaponEffect_Num:[StateArg1]%>。战斗开始时，装备者获得 25 层「冰雪」，装备者打出卡牌后获得 2 点狂气并移除 1 层。「冰雪」被完全移除后，装备者获得 <WeaponEffect_Num:[StateArg2]%> 暴击率。,唯一装備：装備者が与えるダメージの基礎効果が <WeaponEffect_Num:[StateArg1]%>増加する。戦闘開始時、装備者は25点の「氷雪」を獲得し、カードを使用すると2狂気を獲得して1点除去される。「氷雪」がすべて除去されると、装備者は<WeaponEffect_Num:[StateArg2]%>のクリティカル率を獲得する。
State_65360_WeaponDesc,aZfk,z状态表_State_A.csv,1881,State,WeaponDesc,,装备者造成的基础伤害提高 <WeaponEffect_Num:[StateArg1]%>。战斗开始时，装备者获得 25 层「冰雪」，装备者打出卡牌后获得 2 点狂气并移除 1 层。「冰雪」被完全移除后，装备者获得 <WeaponEffect_Num:[StateArg2]%> 暴击率(当前剩余 [DescArg1] 层冰雪),装備者が与えるダメージの基礎効果が <WeaponEffect_Num:[StateArg1]%>増加する。戦闘開始時、装備者は25点の「氷雪」を獲得し、カードを使用すると2狂気を獲得して1点除去される。「氷雪」がすべて除去されると、装備者は<WeaponEffect_Num:[StateArg2]%>のクリティカル率を獲得する。
State_65358_Desc,aZfc,z状态表_State_A.csv,1882,State,Desc,,队伍唯一：装备者造成的基础伤害提高 <WeaponEffect_Num:[StateArg1]%>。装备者释放狂气爆发前，临时手牌上限 +1，抽 1 张装备者的指令卡。若当前界域为 「血肉」，装备者触发吞噬时临时暴击伤害提高 <WeaponEffect_Num:[StateArg1]%>，每回合最多生效 1 次。,唯一装備：装備者が与えるダメージの基礎効果が<WeaponEffect_Num:[StateArg1]%>増加する。装備者が「狂気解放」を発動する前に、手札の上限が一時的に1増加し、装備者の指令カードを1枚引く。現在の界域が「血肉」の場合、装備者が「捕食」効果を発動した時、クリティカルダメージが一時的に<WeaponEffect_Num:[StateArg1]%>増加し、この効果は1ターン1回のみ発動する。
State_65358_WeaponDesc,aZfe,z状态表_State_A.csv,1882,State,WeaponDesc,,装备者造成的基础伤害提高 <WeaponEffect_Num:[StateArg1]%>。装备者释放狂气爆发前，临时手牌上限 +1，抽 1 张装备者的指令卡。若当前界域为 「血肉」，装备者触发吞噬时临时暴击伤害提高 <WeaponEffect_Num:[StateArg1]%>，每回合最多生效 1 次。,装備者が与えるダメージの基礎効果が<WeaponEffect_Num:[StateArg1]%>増加する。装備者が「狂気解放」を発動する前に、手札の上限が一時的に1増加し、装備者の指令カードを1枚引く。現在の界域が「血肉」の場合、装備者が「捕食」効果を発動した時、クリティカルダメージが一時的に<WeaponEffect_Num:[StateArg1]%>増加し、この効果は1ターン1回のみ発動する。
State_60592_Desc,aYYp,z状态表_State_A.csv,1884,State,Desc,,队伍唯一：探索开始时，将 1 张「银钥曦光」洗入抽牌堆并附加「销毁」。释放钥令后，装备者暴击伤害提高 <WeaponEffect_Num:[StateArg1]%>。装备者造成伤害时，获得等同于装备者银钥充能 <WeaponEffect_Num:[StateArg2]%> 的银钥能量和 <WeaponEffect_Num:[StateArg3]%> 临时暴击率，每回合最多生效 5 次。,唯一装備：探索開始時、「シルバーキーの暁光」を1枚山札に追加し、「破棄」を付与する。「キーオーダー」を発動した後、クリティカルダメージが<WeaponEffect_Num:[StateArg1]%>増加する。装備者がダメージを与えると、キーチャージの<WeaponEffect_Num:[StateArg2]%>に等しいキーエネルギーと<WeaponEffect_Num:[StateArg3]%>の一時的なクリティカル率を獲得し、毎ターン最大5回まで発動する。
State_60592_WeaponDesc,aYYr,z状态表_State_A.csv,1884,State,WeaponDesc,,探索开始时，将 1 张「银钥曦光」洗入抽牌堆并附加「销毁」。释放钥令后，装备者暴击伤害提高 <WeaponEffect_Num:[StateArg1]%>。装备者造成伤害时，获得 <WeaponEffect_Num:[DescArg1]> 点银钥能量和 <WeaponEffect_Num:[StateArg3]%> 临时暴击率，每回合最多生效 5 次。,探索開始時、「シルバーキーの暁光」を1枚山札に追加し、「破棄」を付与する。「キーオーダー」を発動した後、クリティカルダメージが<WeaponEffect_Num:[StateArg1]%>増加する。装備者がダメージを与えると、キーチャージの<WeaponEffect_Num:[StateArg2]%>に等しいキーエネルギーと<WeaponEffect_Num:[StateArg3]%>の一時的なクリティカル率を獲得し、毎ターン最大5回まで発動する。
State_3913_Desc,aXNT,z状态表_State_A.csv,1886,State,Desc,,"队伍唯一：装备者造成的护盾提高 <WeaponEffect_Num:[StateArg1]%>。回合开始时，保留 <WeaponEffect_Num:[StateArg2]%> 剩余护盾,保留的护盾至多为 <WeaponEffect_Num:[StateArg3]%> 最大生命护盾。",唯一装備：装備者の与えるシールドが<WeaponEffect_Num:[StateArg1]％>増加する。ターン開始時、シールドの<WeaponEffect_Num:[StateArg2]％>を維持し、最大で最大ライフの<WeaponEffect_Num:[StateArg3]％>分まで維持可能。
State_3913_WeaponDesc,aXNV,z状态表_State_A.csv,1886,State,WeaponDesc,,"装备者造成的护盾提高 <WeaponEffect_Num:[StateArg1]%>。回合开始时，保留 <WeaponEffect_Num:[StateArg2]%> 剩余护盾,保留的护盾至多为 <WeaponEffect_Num:[StateArg3]%> 最大生命护盾。",装備者の与えるシールドが<WeaponEffect_Num:[StateArg1]％>増加する。ターン開始時、シールドの<WeaponEffect_Num:[StateArg2]％>を維持し、最大で最大ライフの<WeaponEffect_Num:[StateArg3]％>分まで維持可能。
State_2979_Desc,aWFK,z状态表_State_A.csv,1887,State,Desc,,队伍唯一：装备者造成的中毒和护盾提高 <WeaponEffect_Num:[StateArg3]%>。装备者的「打击」暴击率和暴击伤害提高 <WeaponEffect_Num:[StateArg1]%>，并获得最大生命 <WeaponEffect_Num:[StateArg2]%> 的护盾，护盾效果每回合最多生效 1 次。,唯一装備：装備者が与える毒とシールドが<WeaponEffect_Num:[StateArg3]％>増加する。装備者の「攻撃」のクリティカル率とクリティカルダメージが<WeaponEffect_Num:[StateArg1]％>増加し、最大ライフの<WeaponEffect_Num:[StateArg2]％>分のシールドを獲得する。シールド効果は毎ターン1回のみ発動。
State_2979_WeaponDesc,aWFM,z状态表_State_A.csv,1887,State,WeaponDesc,,装备者造成的中毒和护盾提高 <WeaponEffect_Num:[StateArg3]%>。装备者的「打击」暴击率和暴击伤害提高 <WeaponEffect_Num:[StateArg1]%>，并获得最大生命 [StateArg2]%([DescArg1]) 的护盾，护盾效果每回合最多生效 1 次。,装備者が与える毒とシールドが<WeaponEffect_Num:[StateArg3]％>増加する。装備者の「攻撃」のクリティカル率とクリティカルダメージが<WeaponEffect_Num:[StateArg1]％>増加し、最大ライフの<WeaponEffect_Num:[StateArg2]％>分のシールドを獲得する。シールド効果は毎ターン1回のみ発動。
State_2575_Desc,aWka,z状态表_State_A.csv,1890,State,Desc,,队伍唯一：战斗开始时，每拥有一个造物就使装备者指令卡暴击率提高 [StateArg1]%。装备者释放狂气爆发后投一颗 4 面骰子，装备者获得 <WeaponEffect_Num:[StateArg2]> 倍骰子点数的狂气和临时暴击伤害，若其投出 4 或以上，其他唤醒体也获得一半。,唯一装備：戦闘開始時、所持する遺物ごとに装備者の指令カードのクリティカル率が[StateArg1]%上昇する。装備者が「狂気解放」を発動すると4面ダイスを振り、ダイスの目の<WeaponEffect_Num:[StateArg2]>倍の狂気と一時的なクリティカルダメージを獲得する。4以上の目が出た場合、他の覚醒体もその半分の狂気を獲得する。
State_2575_WeaponDesc,aWkc,z状态表_State_A.csv,1890,State,WeaponDesc,,战斗开始时，每拥有一个造物就使装备者指令卡暴击率提高 [StateArg1]%。装备者释放狂气爆发后投一颗 4 面骰子，装备者获得 <WeaponEffect_Num:[StateArg2]> 倍骰子点数的狂气和临时暴击伤害，若其投出 4 或以上，其他唤醒体也获得一半。,戦闘開始時、所持する遺物ごとに装備者の指令カードのクリティカル率が[StateArg1]%上昇する。装備者が「狂気解放」を発動すると4面ダイスを振り、ダイスの目の<WeaponEffect_Num:[StateArg2]>倍の狂気と一時的なクリティカルダメージを獲得する。4以上の目が出た場合、他の覚醒体もその半分の狂気を獲得する。
State_3837_Desc,aXJq,z状态表_State_A.csv,1892,State,Desc,,队伍唯一：装备者造成的狂气提高 <WeaponEffect_Num:[StateArg1]%>，造成的中毒提高 <WeaponEffect_Num:[StateArg2]%>。装备者造成伤害后，所有唤醒体临时暴击伤害提高，数值等同于装备者暴击伤害的 <WeaponEffect_Num:[StateArg3]%>，每回合最多生效 1 次。若当前界域为「深海」，战斗开始时，触腕上限和触腕数量 +1。,唯一装備：装備者の与える狂気が<WeaponEffect_Num:[StateArg1]%>増加し、与える毒が <WeaponEffect_Num:[StateArg2]%>増加する。装備者がダメージを与えると、すべての覚醒体が装備者のクリティカルダメージの<WeaponEffect_Num:[StateArg3]%>に等しい一時的なクリティカルダメージを獲得し、毎ターン1回のみ発動する。現在の界域が「深海」の場合、戦闘開始時、触腕の上限と触腕の数 +1。
State_3837_WeaponDesc,aXJs,z状态表_State_A.csv,1892,State,WeaponDesc,,装备者造成的狂气提高 <WeaponEffect_Num:[StateArg1]%>，造成的中毒提高 <WeaponEffect_Num:[StateArg2]%>。装备者造成伤害后所有唤醒体临时暴击伤害 +<WeaponEffect_Num:[DescArg1]%> ，每回合最多生效 1 次。若当前界域为「深海」，战斗开始时，触腕上限和触腕数量 +1。,装備者の与える狂気が<WeaponEffect_Num:[StateArg1]%>増加し、与える毒が <WeaponEffect_Num:[StateArg2]%>増加する。装備者がダメージを与えると、すべての覚醒体が装備者のクリティカルダメージの<WeaponEffect_Num:[StateArg3]%>に等しい一時的なクリティカルダメージを獲得し、毎ターン1回のみ発動する。現在の界域が「深海」の場合、戦闘開始時、触腕の上限と触腕の数 +1。
State_2887_Desc,aWAJ,z状态表_State_A.csv,1895,State,Desc,,队伍唯一：装备者释放狂气爆发后，其本回合暴击伤害提高 <WeaponEffect_Num:[StateArg1]%>，手中所有装备者的卡牌都有 <WeaponEffect_Num:[StateArg2]%> 概率本回合内算力消耗降低 1 点。,唯一装備：装備者が「狂気解放」を発動した後、そのターンのクリティカルダメージが<WeaponEffect_Num:[StateArg1]％>増加し、<WeaponEffect_Num:[StateArg2]％>の確率で、手札にある装備者のすべてのカードの行動力消費を1減少させる。
State_2887_WeaponDesc,aWAL,z状态表_State_A.csv,1895,State,WeaponDesc,,装备者释放狂气爆发后，其本回合暴击伤害提高 <WeaponEffect_Num:[StateArg1]%>，手中所有装备者的卡牌都有 <WeaponEffect_Num:[StateArg2]%> 概率本回合内算力消耗降低 1 点。,装備者が「狂気解放」を発動した後、そのターンのクリティカルダメージが<WeaponEffect_Num:[StateArg1]％>増加し、<WeaponEffect_Num:[StateArg2]％>の確率で、手札にある装備者のすべてのカードの行動力消費を1減少させる。
State_2856_Desc,aWza,z状态表_State_A.csv,1898,State,Desc,,队伍唯一：装备者造成的护盾提高 <WeaponEffect_Num:[StateArg1]％>，并且造成护盾时，己方全员获得 <WeaponEffect_Num:[StateArg3]％> 临时暴击率和 <WeaponEffect_Num:[StateArg4]%> 装备者银钥充能的银钥能量，每回合最多生效 2 次。若当前界域为「深海」，每当有 1 条触腕攻击时，装备者获得 1 点狂气，每回合最多获得 <WeaponEffect_Num:[StateArg2]> 点。,唯一装備：装備者の与えるシールドが<WeaponEffect_Num:[StateArg1]％>増加する。シールドを与えた時、味方全員が<WeaponEffect_Num:[StateArg3]％>の一時的なクリティカル率と装備者のキーチャージの<WeaponEffect_Num:[StateArg4]％> に等しいキーエネルギーを獲得し、毎ターン最大2回まで発動する。現在の界域が「深海」の場合、1本の触腕が攻撃するたび、装備者は1狂気を獲得し、毎ターン最大<WeaponEffect_Num:[StateArg2]>まで獲得可能。
State_2856_WeaponDesc,aWzc,z状态表_State_A.csv,1898,State,WeaponDesc,,装备者造成的护盾提高 <WeaponEffect_Num:[StateArg1]％>，并且造成护盾时，己方全员获得 <WeaponEffect_Num:[StateArg3]％> 临时暴击率和 <WeaponEffect_Num:[StateArg4]%> 装备者银钥充能的银钥能量，每回合最多生效 2 次。若当前界域为「深海」，每当有 1 条触腕攻击时，装备者获得 1 点狂气，每回合最多获得 <WeaponEffect_Num:[StateArg2]> 点。,装備者の与えるシールドが<WeaponEffect_Num:[StateArg1]％>増加する。シールドを与えた時、味方全員が<WeaponEffect_Num:[StateArg3]％>の一時的なクリティカル率と装備者のキーチャージの<WeaponEffect_Num:[StateArg4]％> に等しいキーエネルギーを獲得し、毎ターン最大2回まで発動する。現在の界域が「深海」の場合、1本の触腕が攻撃するたび、装備者は1狂気を獲得し、毎ターン最大<WeaponEffect_Num:[StateArg2]>まで獲得可能。
State_3531_Desc,aXmj,z状态表_State_A.csv,1901,State,Desc,,队伍唯一：战斗开始时，装备者获得 <WeaponEffect_Num:[StateArg1]> 狂气。每当其他唤醒体释放狂气爆发时，装备者获得 <WeaponEffect_Num:[StateArg2]> 狂气。若当前界域为「深海」，装备者释放狂气爆发后，获得等同于攻击力 <WeaponEffect_Num:[StateArg3]%> 的触腕伤害。,唯一装備：戦闘開始時、装備者は<WeaponEffect_Num:[StateArg1]>狂気を獲得する。他の覚醒体が「狂気解放」を発動するたび、装備者は <WeaponEffect_Num:[StateArg2]>狂気を獲得する。現在の界域が「深海」の場合、装備者が「狂気解放」を発動した後、攻撃力の <WeaponEffect_Num:[StateArg3]%>に等しい触腕ダメージを獲得する。
State_3531_WeaponDesc,aXml,z状态表_State_A.csv,1901,State,WeaponDesc,,战斗开始时，装备者获得 <WeaponEffect_Num:[StateArg1]> 狂气。每当其他唤醒体释放狂气爆发时，装备者获得 <WeaponEffect_Num:[StateArg2]> 狂气。若当前界域为「深海」，装备者释放狂气爆发后，触腕伤害 <WeaponEffect_Num:+[DescArg1]>。,戦闘開始時、装備者は<WeaponEffect_Num:[StateArg1]>狂気を獲得する。他の覚醒体が「狂気解放」を発動するたび、装備者は <WeaponEffect_Num:[StateArg2]>狂気を獲得する。現在の界域が「深海」の場合、装備者が「狂気解放」を発動した後、攻撃力の <WeaponEffect_Num:[StateArg3]%>に等しい触腕ダメージを獲得する。
State_3755_Desc,aXEZ,z状态表_State_A.csv,1902,State,Desc,,队伍唯一：装备者造成的护盾提高 <WeaponEffect_Num:[StateArg1]%>，生命回复提高 <WeaponEffect_Num:[StateArg1]%>。奇数回合结束时装备者暴击率 + <WeaponEffect_Num:[StateArg2]%>，获得  <WeaponEffect_Num:[StateArg3]> 点狂气；偶数回合结束时装备者暴击伤害  +<WeaponEffect_Num:[StateArg2]%>，获得  <WeaponEffect_Num:[StateArg4]> 银钥能量。若当前界域为「血肉」使猩红熔炉积攒上限提高  <WeaponEffect_Num:[StateArg5]%>。,唯一装備：装備者の与えるシールドが<WeaponEffect_Num:[StateArg1]%>増加し、ライフ回復効果が<WeaponEffect_Num:[StateArg1]%>増加する。奇数ターン終了時、クリティカル率が<WeaponEffect_Num:[StateArg2]%>増加し、<WeaponEffect_Num:[StateArg3]>狂気を獲得する。偶数ターン終了時、クリティカルダメージが<WeaponEffect_Num:[StateArg2]%>増加し，<WeaponEffect_Num:[StateArg4]>キーエネルギーを獲得する。現在の界域が「血肉」の場合、猩紅炉の最大蓄積量が<WeaponEffect_Num:[StateArg5]%>増加する。
State_3755_WeaponDesc,aXFb,z状态表_State_A.csv,1902,State,WeaponDesc,,装备者造成的护盾提高 <WeaponEffect_Num:[StateArg1]%>，生命回复提高 <WeaponEffect_Num:[StateArg1]%>。奇数回合结束时装备者暴击率 +<WeaponEffect_Num:[StateArg2]%>，获得  <WeaponEffect_Num:[StateArg3]> 点狂气；偶数回合结束时装备者暴击伤害  +<WeaponEffect_Num:[StateArg2]%>，获得  <WeaponEffect_Num:[StateArg4]> 银钥能量。若当前界域为「血肉」使猩红熔炉积攒上限提高  <WeaponEffect_Num:[StateArg5]%>。,唯一装備：装備者の与えるシールドが<WeaponEffect_Num:[StateArg1]%>増加し、ライフ回復効果が<WeaponEffect_Num:[StateArg1]%>増加する。奇数ターン終了時、クリティカル率が<WeaponEffect_Num:[StateArg2]%>増加し、<WeaponEffect_Num:[StateArg3]>狂気を獲得する。偶数ターン終了時、クリティカルダメージが<WeaponEffect_Num:[StateArg2]%>増加し，<WeaponEffect_Num:[StateArg4]>キーエネルギーを獲得する。現在の界域が「血肉」の場合、猩紅炉の最大蓄積量が<WeaponEffect_Num:[StateArg5]%>増加する。
State_2866_Desc,aWzE,z状态表_State_A.csv,1904,State,Desc,,队伍唯一：手牌上限 +2，回合结束时获得等同于装备者 <WeaponEffect_Num:[StateArg1]%> 银钥充能的银钥能量。每次释放钥令后，所有唤醒体获得 <WeaponEffect_Num:[StateArg2]> 点狂气，若当前界域为「血肉」，还会使胚胎融合 <WeaponEffect_Num:+[StateArg3]%> 。,唯一装備：手札の上限 +2。ターン終了時、装備者のキーチャージの<WeaponEffect_Num:[StateArg1]%>に等しいキーエネルギーを獲得する。「キーオーダー」を発動するたび、すべての覚醒体が<WeaponEffect_Num:[StateArg2]>狂気を獲得する。現在の界域が「血肉」の場合、追加で胚胎融合が<WeaponEffect_Num:＋[StateArg3]%>増加する。
State_2866_WeaponDesc,aWzG,z状态表_State_A.csv,1904,State,WeaponDesc,,手牌上限 +2，回合结束时获得 <WeaponEffect_Num:[DescArg1]> 点银钥能量。每次释放钥令后，所有唤醒体获得 <WeaponEffect_Num:[StateArg2]> 点狂气，若当前界域为「血肉」，还会使胚胎融合 <WeaponEffect_Num:+[StateArg3]%> 。,手札の上限 +2。ターン終了時、装備者のキーチャージの<WeaponEffect_Num:[StateArg1]%>に等しいキーエネルギーを獲得する。「キーオーダー」を発動するたび、すべての覚醒体が<WeaponEffect_Num:[StateArg2]>狂気を獲得する。現在の界域が「血肉」の場合、追加で胚胎融合が<WeaponEffect_Num:＋[StateArg3]%>増加する。
State_2929_Desc,aWCZ,z状态表_State_A.csv,1905,State,Desc,,队伍唯一：装备者每造成 1 次伤害，有 <WeaponEffect_Num:[StateArg3]%> 几率使装备者获得 2% 临时暴击伤害。装备者释放狂气爆发后对随机敌人造成 3 次等同于装备者攻击力 <WeaponEffect_Num:[StateArg1]%> 的主动伤害。若当前界域为「血肉」，装备者每吞噬一个胚胎，就使胚胎融合 +<WeaponEffect_Num:[StateArg2]%> 。,唯一装備：装備者がダメージを与えるたび、<WeaponEffect_Num:[StateArg3]%>の確率で2%の一時的なクリティカルダメージを獲得する。装備者が「狂気解放」を発動した後、ランダムな敵に攻撃力の<WeaponEffect_Num:[StateArg1]%>に等しいアクティブダメージを3回与える。現在の界域が「血肉」の場合、装備者が「捕食」するたび、胚胎融合+<WeaponEffect_Num:[StateArg2]%>。
State_2929_WeaponDesc,aWDb,z状态表_State_A.csv,1905,State,WeaponDesc,,装备者每造成 1 次伤害，有 <WeaponEffect_Num:[StateArg3]%> 几率使装备者获得 2% 临时暴击伤害。装备者释放狂气爆发后对随机敌人造成 3 次 [DescArg1] 点主动伤害。若当前界域为「血肉」，装备者每吞噬一个胚胎，就使胚胎融合 +<WeaponEffect_Num:[StateArg2]%> 。,装備者がダメージを与えるたび、<WeaponEffect_Num:[StateArg3]%>の確率で2%の一時的なクリティカルダメージを獲得する。装備者が「狂気解放」を発動した後、ランダムな敵に攻撃力の<WeaponEffect_Num:[StateArg1]%>に等しいアクティブダメージを3回与える。現在の界域が「血肉」の場合、装備者が「捕食」するたび、胚胎融合+<WeaponEffect_Num:[StateArg2]%>。
State_2503_Desc,aWdF,z状态表_State_A.csv,1907,State,Desc,,队伍唯一：装备者卡牌造成的基础伤害提高 <WeaponEffect_Num:[StateArg1]%>。回合开始时，有 <WeaponEffect_Num:[StateArg2]%> 的几率生成一张装备者的随机卡牌到手牌中，附加消耗。若当前界域为「血肉」，对装备者使用「胚胎」时，使装备者本回合下次打击卡造成伤害的暴击率 <WeaponEffect_Num:+[StateArg3]%>。,唯一装備：装備者のカードが与えるダメージの基礎効果が<WeaponEffect_Num:[StateArg1]%>増加する。ターン開始時、<WeaponEffect_Num:[StateArg2]%>の確率で装備者のランダムなカードを手札に追加し、消費を付与する。現在の界域が「血肉」の場合、「胚胎」を装備者に使用した時、装備者がこのターン中次に使用する「攻撃」で与えるダメージのクリティカル率が<WeaponEffect_Num:+[StateArg3]%>増加する。
State_2503_WeaponDesc,aWdH,z状态表_State_A.csv,1907,State,WeaponDesc,,装备者卡牌造成的基础伤害提高 <WeaponEffect_Num:[StateArg1]%>。回合开始时，有 <WeaponEffect_Num:[StateArg2]%> 的几率生成一张装备者的随机卡牌到手牌中，附加消耗。若当前界域为「血肉」，对装备者使用「胚胎」时，使装备者本回合下次打击卡造成伤害的暴击率 <WeaponEffect_Num:+[StateArg3]%>。,装備者のカードが与えるダメージの基礎効果が<WeaponEffect_Num:[StateArg1]%>増加する。ターン開始時、<WeaponEffect_Num:[StateArg2]%>の確率で装備者のランダムなカードを手札に追加し、消費を付与する。現在の界域が「血肉」の場合、「胚胎」を装備者に使用した時、装備者がこのターン中次に使用する「攻撃」で与えるダメージのクリティカル率が<WeaponEffect_Num:+[StateArg3]%>増加する。
State_2475_Desc,aWbT,z状态表_State_A.csv,1910,State,Desc,,队伍唯一：装备者造成的主动伤害提高等同于装备者攻击力 <WeaponEffect_Num:[StateArg3]%> 。每打出或弃掉装备者的 1 张指令卡后，对随机敌人造成等同于装备者攻击力 <WeaponEffect_Num:[StateArg1]%> 的<IntoxicationIconKeywords:中毒>。超维回合结束后，有 <WeaponEffect_Num:[StateArg2]%> 概率触发所有敌人一次中毒效果。,唯一装備：装備者の与えるダメージが、装備者の攻撃力の<WeaponEffect_Num:[StateArg3]%>増加する。装備者の指令カードを使用するかもしくは捨てるたび、ランダムな敵に装備者の攻撃力の<WeaponEffect_Num:[StateArg1]%>に等しい<IntoxicationIconKeywords:毒>を付与する。超次元ターン終了後、<WeaponEffect_Num:[StateArg2]%>の確率ですべての敵に一度だけ毒効果を発動する。
State_2475_WeaponDesc,aWbV,z状态表_State_A.csv,1910,State,WeaponDesc,,装备者造成的主动伤害提高 <WeaponEffect_Num:[DescArg2]> 点。每打出或弃掉装备者的 1 张指令卡后，对随机敌人造成 <WeaponEffect_Num:[DescArg1]> 层<IntoxicationIconKeywords:中毒>。超维回合结束后，有 <WeaponEffect_Num:[StateArg2]%> 概率触发所有敌人一次中毒效果。,装備者の与えるダメージが、装備者の攻撃力の<WeaponEffect_Num:[StateArg3]%>増加する。装備者の指令カードを使用するかもしくは捨てるたび、ランダムな敵に装備者の攻撃力の<WeaponEffect_Num:[StateArg1]%>に等しい<IntoxicationIconKeywords:毒>を付与する。超次元ターン終了後、<WeaponEffect_Num:[StateArg2]%>の確率ですべての敵に一度だけ毒効果を発動する。
State_2910_Desc,aWBX,z状态表_State_A.csv,1912,State,Desc,,队伍唯一：探索开始时将一张「灵感」和装备者的「打击」加入牌库，装备者「打击」基础伤害提高 <WeaponEffect_Num:[StateArg1]%>，打出后有 <WeaponEffect_Num:[StateArg2]%> 概率抽 1 张牌。该效果每回合最多触发 1 次。若当前界域为「超维」并在超维回合中，「打击」将 1 张「灵感」置入手中，当回合最多触发 1 次。,唯一装備：探索開始時、「啓示」と装備者の「攻撃」を山札に追加する。装備者の「打撃」が与えるダメージの基礎効果が <WeaponEffect_Num:[StateArg1]％>上昇し、使用後、<WeaponEffect_Num:[StateArg2]％>の確率でカードを1枚引く。この効果は毎ターン1回のみ発動する。現在の界域が「超次元」の場合、超次元ターン中に「攻撃」を使用すると「啓示」を1枚手札に加え、最大1回のみ発動する。
State_2910_WeaponDesc,aWBZ,z状态表_State_A.csv,1912,State,WeaponDesc,,探索开始时将一张「灵感」和装备者的「打击」加入牌库，装备者「打击」基础伤害提高 <WeaponEffect_Num:[StateArg1]%>，打出后有 <WeaponEffect_Num:[StateArg2]%> 概率抽 1 张牌。该效果每回合最多触发 1 次。若当前界域为「超维」并在超维回合中，「打击」将 1 张「灵感」置入手中，当回合最多触发 1 次。,探索開始時、「啓示」と装備者の「攻撃」を山札に追加する。装備者の「打撃」が与えるダメージの基礎効果が <WeaponEffect_Num:[StateArg1]％>上昇し、使用後、<WeaponEffect_Num:[StateArg2]％>の確率でカードを1枚引く。この効果は毎ターン1回のみ発動する。現在の界域が「超次元」の場合、超次元ターン中に「攻撃」を使用すると「啓示」を1枚手札に加え、最大1回のみ発動する。
State_3046_Desc,aWJG,z状态表_State_A.csv,1915,State,Desc,,队伍唯一：每有一个敌人死亡时获得 [StateArg1] 黑印。装备者击杀敌人后，本次关卡中装备者的暴击伤害永久提高 <WeaponEffect_Num:[StateArg2]%>，至多叠加 5 层。装备者每次触发跃迁效果，使装备者本回合造成的最终伤害提高 <WeaponEffect_Num:[StateArg3]%> ，至多叠加 3 层。,唯一装備：敵を1体倒すたび、[StateArg1]黒章を獲得する。装備者が敵を撃破すると、このステージ中、クリティカルダメージが<WeaponEffect_Num:[StateArg2]％>増加し、最大5回まで累積可能。装備者が跳躍効果を発動するたび、そのターン中、装備者が与えるダメージの最終効果が <WeaponEffect_Num:[StateArg3]％> 増加し、最大3回まで累積可能。
State_3046_WeaponDesc,aWJI,z状态表_State_A.csv,1915,State,WeaponDesc,,每有一个敌人死亡时获得 [StateArg1] 黑印。装备者击杀敌人后，本次关卡中装备者的暴击伤害永久提高 <WeaponEffect_Num:[StateArg2]%> ，至多叠加 5 层。装备者每次触发跃迁效果，使装备者本回合造成的最终伤害提高 <WeaponEffect_Num:[StateArg3]%> ，至多叠加 3 层。,敵を1体倒すたび、[StateArg1]黒章を獲得する。装備者が敵を撃破すると、このステージ中、クリティカルダメージが<WeaponEffect_Num:[StateArg2]％>増加し、最大5回まで累積可能。装備者が跳躍効果を発動するたび、そのターン中、装備者が与えるダメージの最終効果が <WeaponEffect_Num:[StateArg3]％> 増加し、最大3回まで累積可能。
State_3667_Desc,aXzi,z状态表_State_A.csv,1920,State,Desc,,队伍唯一：装备者造成的<RetaliateIconKeywords:反击>提高 <WeaponEffect_Num:[StateArg4]%> 。装备者打出卡牌后获得等同于装备者防御力 <WeaponEffect_Num:[StateArg1]%> 的<RetaliateIconKeywords:反击>，每回合最多 2 次，若其进入超维空间，装备者还会获得 <WeaponEffect_Num:[StateArg2]> 点狂气。释放狂气爆发后，所有敌人失去等同于装备者防御力 <WeaponEffect_Num:[StateArg3]%> 的临时力量。,唯一装備：装備者の与える<RetaliateIconKeywords:反撃>が<WeaponEffect_Num:[StateArg4]%>増加する。装備者の指令カードを使用した時、防御力の<WeaponEffect_Num:[StateArg1]%>に等しい<RetaliateIconKeywords:反撃>を獲得し、毎ターン最大2回まで発動する。装備者のカードが超次元空間に入ると、装備者は追加で<WeaponEffect_Num:[StateArg2]>狂気を獲得する。「狂気解放」を発動した後、すべての敵から防御力の<WeaponEffect_Num:[StateArg3]%>に等しい力を一時的に減少させる。
State_3667_WeaponDesc,aXzk,z状态表_State_A.csv,1920,State,WeaponDesc,,装备者造成的<RetaliateIconKeywords:反击>提高 <WeaponEffect_Num:[StateArg4]%>。装备者打出卡牌后获得 <WeaponEffect_Num:[Counterattack:DescArg1]> 点<RetaliateIconKeywords:反击>，每回合最多触发 2 次，若其进入超维空间，装备者还会获得 <WeaponEffect_Num:[StateArg2]> 点狂气。释放狂气爆发后，所有敌人临时降低 <WeaponEffect_Num:[Power:DescArg2]> 点力量。,装備者の与える<RetaliateIconKeywords:反撃>が<WeaponEffect_Num:[StateArg4]%>増加する。装備者の指令カードを使用した時、防御力の<WeaponEffect_Num:[StateArg1]%>に等しい<RetaliateIconKeywords:反撃>を獲得し、毎ターン最大2回まで発動する。装備者のカードが超次元空間に入ると、装備者は追加で<WeaponEffect_Num:[StateArg2]>狂気を獲得する。「狂気解放」を発動した後、すべての敵から防御力の<WeaponEffect_Num:[StateArg3]%>に等しい力を一時的に減少させる。
State_49844_Desc,aYqh,z状态表_State_A.csv,1924,State,Desc,,队伍唯一：回合结束后获得 <WeaponEffect_Num:[StateArg1]> 点银钥能量。触发死亡抵抗后获得 <WeaponEffect_Num:[StateArg2]> 点银钥能量。使用应急灵知体后，算力上限提高 3，每回合抽牌数提高 3。,唯一装備：ターン終了後、 <WeaponEffect_Num:[StateArg1]>キーエネルギーを獲得する。死亡抵抗を発動した後、<WeaponEffect_Num:[StateArg2]>キーエネルギーを獲得する。復活の魂魄を使用した後、行動力の上限が3増加し、ドロー枚数が3増加する。
State_49844_WeaponDesc,aYqj,z状态表_State_A.csv,1924,State,WeaponDesc,,回合结束后获得 <WeaponEffect_Num:[StateArg1]> 点银钥能量。触发死亡抵抗后获得 <WeaponEffect_Num:[StateArg2]> 点银钥能量。使用应急灵知体后，算力上限提高 3，每回合抽牌数提高 3。,ターン終了後、 <WeaponEffect_Num:[StateArg1]>キーエネルギーを獲得する。死亡抵抗を発動した後、<WeaponEffect_Num:[StateArg2]>キーエネルギーを獲得する。復活の魂魄を使用した後、行動力の上限が3増加し、ドロー枚数が3増加する。
State_66888_Desc,aZlS,z状态表_State_A.csv,1926,State,Desc,,队伍唯一：释放钥令后，获得装备者攻击力 <WeaponEffect_Num:[StateArg1]%> 的<PowerIconKeywords:力量>和防御力 <WeaponEffect_Num:[StateArg2]%> 的护盾。使用应急灵知体后，回合结束时所有唤醒体获得 <WeaponEffect_Num:[StateArg3]> 点狂气。,唯一装備：「キーオーダー」を発動した後、装備者の攻撃力の<WeaponEffect_Num:[StateArg1]%>分の<PowerIconKeywords:力>と、防御力の <WeaponEffect_Num:[StateArg2]%>分のシールドを獲得する。復活の魂魄を使用した後、ターン終了後、すべての覚醒体が<WeaponEffect_Num:[StateArg3]>狂気を獲得する。
State_66888_WeaponDesc,aZlU,z状态表_State_A.csv,1926,State,WeaponDesc,,释放钥令后，获得 <WeaponEffect_Num:[Power:DescArg1]> 点<PowerIconKeywords:力量>和 <WeaponEffect_Num:[Block:DescArg2]> 点护盾。使用应急灵知体后，回合结束时所有唤醒体获得 <WeaponEffect_Num:[StateArg3]> 点狂气。,「キーオーダー」を発動した後、装備者の攻撃力の<WeaponEffect_Num:[StateArg1]%>分の<PowerIconKeywords:力>と、防御力の <WeaponEffect_Num:[StateArg2]%>分のシールドを獲得する。復活の魂魄を使用した後、ターン終了後、すべての覚醒体が<WeaponEffect_Num:[StateArg3]>狂気を獲得する。
State_3591_Desc,aXrR,z状态表_State_A.csv,1929,State,Desc,,队伍唯一：装备者造成的<RetaliateIconKeywords:反击>提高 <WeaponEffect_Num:[StateArg1]%>。「防御」获得等同于装备者防御力  <WeaponEffect_Num:[StateArg2]%> 的临时反击，在首领战中，改为获得 3 倍临时反击。死亡抵抗触发后，对所有敌人造成等同于自身反击层数 <WeaponEffect_Num:[StateArg3]%> 的固定伤害。,唯一装備：装備者の与える<RetaliateIconKeywords:反撃>が<WeaponEffect_Num:[StateArg1]%>増加する。「防御」は防御力の <WeaponEffect_Num:[StateArg2]%>に等しい一時的な反撃を獲得し、ボス戦では3倍になる。死亡抵抗を発動した後、すべての敵に自身の反撃の<WeaponEffect_Num:[StateArg3]%>に等しい固定ダメージを与える。
State_3591_WeaponDesc,aXrT,z状态表_State_A.csv,1929,State,WeaponDesc,,装备者造成的<RetaliateIconKeywords:反击>提高 <WeaponEffect_Num:[StateArg1]%>。打出「防御」后获得 <WeaponEffect_Num:[Counterattack:DescArg1]> 层临时反击，在首领战中，改为获得 3 倍临时反击。死亡抵抗触发后，对所有敌人造成等同于自身反击层数 <WeaponEffect_Num:[StateArg3]%> 的固定伤害。,装備者の与える<RetaliateIconKeywords:反撃>が<WeaponEffect_Num:[StateArg1]%>増加する。「防御」は防御力の <WeaponEffect_Num:[StateArg2]%>に等しい一時的な反撃を獲得し、ボス戦では3倍になる。死亡抵抗を発動した後、すべての敵に自身の反撃の<WeaponEffect_Num:[StateArg3]%>に等しい固定ダメージを与える。
State_3593_Desc,aXrX,z状态表_State_A.csv,1931,State,Desc,,队伍唯一：装备者造成的<IntoxicationIconKeywords:中毒>提高<WeaponEffect_Num:[StateArg1]%>。「打击」对目标敌人造成等同于攻击力 <WeaponEffect_Num:[StateArg2]%> 的<IntoxicationIconKeywords:中毒>。该效果每回合最多生效 3 次。,唯一装備：装備者の与える<IntoxicationIconKeywords:毒>が<WeaponEffect_Num:[StateArg1]%>増加する。「打撃」は対象の敵に攻撃力の<WeaponEffect_Num:[StateArg2]%>に等しい<IntoxicationIconKeywords:毒>を付与する。この効果は毎ターン最大3回まで発動する。
State_3593_WeaponDesc,aXrZ,z状态表_State_A.csv,1931,State,WeaponDesc,,装备者造成的<IntoxicationIconKeywords:中毒>提高<WeaponEffect_Num:[StateArg1]%>。「打击」对目标敌人造成 <WeaponEffect_Num:[Poison:DescArg1]> 层<IntoxicationIconKeywords:中毒>。该效果每回合最多生效 3 次。,装備者の与える<IntoxicationIconKeywords:毒>が<WeaponEffect_Num:[StateArg1]%>増加する。「打撃」は対象の敵に攻撃力の<WeaponEffect_Num:[StateArg2]%>に等しい<IntoxicationIconKeywords:毒>を付与する。この効果は毎ターン最大3回まで発動する。
State_3070_Desc,aWKX,z状态表_State_A.csv,1934,State,Desc,,队伍唯一：装备者的「打击」使目标敌人失去等同于装备者攻击力 <WeaponEffect_Num:[StateArg1]%> 的临时<PowerIconKeywords:力量>。该效果一个回合内最多触发3次。,唯一装備：装備者の「打撃」は、対象の敵から攻撃力の <WeaponEffect_Num:[StateArg1]%>に等しい<PowerIconKeywords:力>を減少させる。この効果は毎ターン最大3回まで発動する。
State_3070_WeaponDesc,aWKZ,z状态表_State_A.csv,1934,State,WeaponDesc,,装备者的「打击」使目标敌人临时降低 <WeaponEffect_Num:[Power:DescArg1]> 点<PowerIconKeywords:力量>。该效果一个回合内最多触发3次。,装備者の「打撃」は、対象の敵から攻撃力の <WeaponEffect_Num:[StateArg1]%>に等しい<PowerIconKeywords:力>を減少させる。この効果は毎ターン最大3回まで発動する。
State_3071_Desc,aWLa,z状态表_State_A.csv,1937,State,Desc,,队伍唯一：打出装备者的「防御」后，获得等同于装备者攻击力 <WeaponEffect_Num:[StateArg1]%> 的临时<PowerIconKeywords:力量>。,唯一装備：装備者の「防御」は、攻撃力の<WeaponEffect_Num:[StateArg1]%>に等しい一時的な<PowerIconKeywords:力>を獲得する。
State_3071_WeaponDesc,aWLc,z状态表_State_A.csv,1937,State,WeaponDesc,,打出装备者的「防御」后，获得  <WeaponEffect_Num:[Power:DescArg1]> 点临时<PowerIconKeywords:力量>。,装備者の「防御」は、攻撃力の<WeaponEffect_Num:[StateArg1]%>に等しい一時的な<PowerIconKeywords:力>を獲得する。
State_3072_Desc,aWLd,z状态表_State_A.csv,1938,State,Desc,,队伍唯一：装备者击杀敌方后，获得 <WeaponEffect_Num:[StateArg1]> 狂气，获得 1% 暴击伤害，整场探索有效。,唯一装備：装備者が敵を撃破した後、装備者は<WeaponEffect_Num:[StateArg1]>狂気を獲得し、クリティカルダメージが1%増加する。この効果は探索全体で有効。
State_3072_WeaponDesc,aWLf,z状态表_State_A.csv,1938,State,WeaponDesc,,装备者击杀敌方后，获得 <WeaponEffect_Num:[StateArg1]> 狂气，获得 1% 暴击伤害，整场探索有效。,装備者が敵を撃破した後、装備者は<WeaponEffect_Num:[StateArg1]>狂気を獲得し、クリティカルダメージが1%増加する。この効果は探索全体で有効。
State_3073_Desc,aWLg,z状态表_State_A.csv,1939,State,Desc,,队伍唯一：装备者释放狂气爆发后，全体友方本回合暴击率提高 <WeaponEffect_Num:[StateArg1]%>。,唯一装備：装備者が「狂気解放」を発動した後、味方全体のこのターン中のクリティカル率が<WeaponEffect_Num:[StateArg1]％>増加する。
State_3073_WeaponDesc,aWLi,z状态表_State_A.csv,1939,State,WeaponDesc,,装备者释放狂气爆发后，全体友方本回合暴击率提高 <WeaponEffect_Num:[StateArg1]%>。,装備者が「狂気解放」を発動した後、味方全体のこのターン中のクリティカル率が<WeaponEffect_Num:[StateArg1]％>増加する。
State_3074_Desc,aWLj,z状态表_State_A.csv,1940,State,Desc,,队伍唯一：打出一张症状卡后，装备者获得 <WeaponEffect_Num:[StateArg1]> 点狂气。该效果一个回合内最多触发 2 次。装备者打出 1 张指令卡后，获得 1 点狂气。,唯一装備：症状カードを使用した後、装備者は<WeaponEffect_Num:[StateArg1]>狂気を獲得する。この効果は毎ターン最大2回まで発動する。装備者が指令カードを使用した後、1狂気を獲得する。
State_3074_WeaponDesc,aWLl,z状态表_State_A.csv,1940,State,WeaponDesc,,打出一张症状卡后，装备者获得 <WeaponEffect_Num:[StateArg1]> 点狂气。该效果一个回合内最多触发 2 次。装备者打出 1 张指令卡后，获得 1 点狂气。,症状カードを使用した後、装備者は<WeaponEffect_Num:[StateArg1]>狂気を獲得する。この効果は毎ターン最大2回まで発動する。装備者が指令カードを使用した後、1狂気を獲得する。
State_3075_Desc,aWLm,z状态表_State_A.csv,1943,State,Desc,,队伍唯一：装备者释放狂气爆发后，获得等同于装备者防御力 <WeaponEffect_Num:[StateArg1]%> 的护盾。,唯一装備：装備者が「狂気解放」を発動した後、装備者の防御力の<WeaponEffect_Num:[StateArg1]％>に等しいシールドを獲得する。
State_3075_WeaponDesc,aWLo,z状态表_State_A.csv,1943,State,WeaponDesc,,装备者释放狂气爆发后，获得 <WeaponEffect_Num:[Block:DescArg1]> 点护盾。,装備者が「狂気解放」を発動した後、<WeaponEffect_Num:[Block:DescArg1]>点のシールドを獲得する。
State_3076_Desc,aWLp,z状态表_State_A.csv,1944,State,Desc,,队伍唯一：装备者造成伤害后使其暴击率提高 <WeaponEffect_Num:[StateArg1]%>，造成暴击后清空该效果获得的暴击率。,唯一装備：装備者がダメージを与えた後、クリティカル率が<WeaponEffect_Num:[StateArg1]％>増加する。クリティカルが発生した後、この効果で得たクリティカル率はリセットされる。
State_3076_WeaponDesc,aWLr,z状态表_State_A.csv,1944,State,WeaponDesc,,装备者造成伤害后使其暴击率提高 <WeaponEffect_Num:[StateArg1]%>，造成暴击后清空该效果获得的暴击率。,装備者がダメージを与えた後、クリティカル率が<WeaponEffect_Num:[StateArg1]％>増加する。クリティカルが発生した後、この効果で得たクリティカル率はリセットされる。
State_3783_Desc,aXGz,z状态表_State_A.csv,1946,State,Desc,,队伍唯一：装备者狂气爆发基础伤害提高 <WeaponEffect_Num:[StateArg1]%>，护盾和生命回复提高 <WeaponEffect_Num:[StateArg2]%>。,唯一装備：装備者の「狂気解放」が与えるダメージの基礎効果が<WeaponEffect_Num:[StateArg1]％>増加し、シールドとライフ回復効果が<WeaponEffect_Num:[StateArg2]％>増加する。
State_3783_WeaponDesc,aXGB,z状态表_State_A.csv,1946,State,WeaponDesc,,装备者狂气爆发基础伤害提高 <WeaponEffect_Num:[StateArg1]%>，护盾和生命回复提高 <WeaponEffect_Num:[StateArg2]%>。,装備者の「狂気解放」が与えるダメージの基礎効果が<WeaponEffect_Num:[StateArg1]％>増加し、シールドとライフ回復効果が<WeaponEffect_Num:[StateArg2]％>増加する。
State_3784_Desc,aXGC,z状态表_State_A.csv,1947,State,Desc,,队伍唯一：装备者指令卡基础伤害提高 <WeaponEffect_Num:[StateArg1]%>，护盾和生命回复提高 <WeaponEffect_Num:[StateArg2]%>。,唯一装備：装備者の「指令カード」が与えるダメージの基礎効果が<WeaponEffect_Num:[StateArg1]％>増加し、シールドとライフ回復効果が<WeaponEffect_Num:[StateArg2]％>増加する。
State_3784_WeaponDesc,aXGE,z状态表_State_A.csv,1947,State,WeaponDesc,,装备者指令卡基础伤害提高 <WeaponEffect_Num:[StateArg1]%>，护盾和生命回复提高 <WeaponEffect_Num:[StateArg2]%>。,装備者の「指令カード」が与えるダメージの基礎効果が<WeaponEffect_Num:[StateArg1]％>増加し、シールドとライフ回復効果が<WeaponEffect_Num:[StateArg2]％>増加する。
State_3034_Desc,aWIB,z状态表_State_A.csv,1948,State,Desc,,队伍唯一：每打出 1 张装备者的卡牌，就获得 <WeaponEffect_Num:[StateArg1]> 银钥能量。该效果单个回合最多生效 3 次。,唯一装備：装備者の「指令カード」を使用するたび、<WeaponEffect_Num:[StateArg1]> キーエネルギーを獲得する。この効果は毎ターン最大3回まで発動する。
State_3034_WeaponDesc,aWID,z状态表_State_A.csv,1948,State,WeaponDesc,,每打出 1 张装备者的卡牌，就获得 <WeaponEffect_Num:[StateArg1]> 银钥能量。该效果单个回合最多生效 3 次。,装備者の「指令カード」を使用するたび、<WeaponEffect_Num:[StateArg1]> キーエネルギーを獲得する。この効果は毎ターン最大3回まで発動する。
State_3782_Desc,aXGw,z状态表_State_A.csv,1950,State,Desc,,队伍唯一：探索开始时，将一张装备者的「防御」加入牌库，装备者「防御」护盾提高  <WeaponEffect_Num:[StateArg1]%>。,唯一装備：探索開始時、装備者の「防御」を1枚山札に追加し、装備者の「防御」によるシールドが<WeaponEffect_Num:[StateArg1]%>増加する。
State_3782_WeaponDesc,aXGy,z状态表_State_A.csv,1950,State,WeaponDesc,,探索开始时，将一张装备者的「防御」加入牌库，装备者「防御」护盾提高  <WeaponEffect_Num:[StateArg1]%>。,探索開始時、装備者の「防御」を1枚山札に追加し、装備者の「防御」によるシールドが<WeaponEffect_Num:[StateArg1]%>増加する。
State_3787_Desc,aXGL,z状态表_State_A.csv,1951,State,Desc,,队伍唯一：装备者释放狂气爆发后，所有友方获得 <WeaponEffect_Num:[StateArg1]> 狂气。,唯一装備：装備者が「狂気解放」を発動した後、すべての味方が<WeaponEffect_Num:[StateArg1]>狂気を獲得する。
State_3787_WeaponDesc,aXGN,z状态表_State_A.csv,1951,State,WeaponDesc,,装备者释放狂气爆发后，所有友方获得 <WeaponEffect_Num:[StateArg1]> 狂气。,装備者が「狂気解放」を発動した後、すべての味方が<WeaponEffect_Num:[StateArg1]>狂気を獲得する。
State_3788_Desc,aXGO,z状态表_State_A.csv,1952,State,Desc,,队伍唯一：探索开始时，将一张装备者的「打击」加入牌库，装备者「打击」基础伤害提高 <WeaponEffect_Num:[StateArg1]%>。,唯一装備：探索開始時、装備者の「打撃」を1枚山札に追加し、装備者の「打撃」によるダメージの基礎効果が <WeaponEffect_Num:[StateArg1]％>増加する。
State_3788_WeaponDesc,aXGQ,z状态表_State_A.csv,1952,State,WeaponDesc,,探索开始时，将一张装备者的「打击」加入牌库，装备者「打击」基础伤害提高 <WeaponEffect_Num:[StateArg1]%>。,探索開始時、装備者の「打撃」を1枚山札に追加し、装備者の「打撃」によるダメージの基礎効果が <WeaponEffect_Num:[StateArg1]％>増加する。
State_3038_Desc,aWJi,z状态表_State_A.csv,1953,State,Desc,,队伍唯一：释放钥令后，装备者获得 <WeaponEffect_Num:[StateArg1]> 狂气。,唯一装備：「キーオーダー」を発動した後、装備者は <WeaponEffect_Num:[StateArg1] 狂気を獲得する。
State_3038_WeaponDesc,aWJk,z状态表_State_A.csv,1953,State,WeaponDesc,,释放钥令后，装备者获得 <WeaponEffect_Num:[StateArg1]> 狂气。,「キーオーダー」を発動した後、装備者は <WeaponEffect_Num:[StateArg1] 狂気を獲得する。
State_35238_Desc,aXkJ,z状态表_State_A.csv,1954,State,Desc,,队伍唯一：装备者造成的护盾和中毒提高  <WeaponEffect_Num:[StateArg1]%>。每当触发死亡抵抗，所有唤醒体获得  <WeaponEffect_Num:[StateArg2]%> 临时暴击率和暴击伤害。,唯一装備：裝備者の与えるシールドと与える毒が<WeaponEffect_Num:[StateArg1]%>増加する。死亡抵抗を発動するたび、すべての覚醒体が<WeaponEffect_Num:[StateArg2]%>の一時的なクリティカル率と一時的なクリティカルダメージを獲得する。
State_35238_WeaponDesc,aXkL,z状态表_State_A.csv,1954,State,WeaponDesc,,装备者造成的护盾和中毒提高  <WeaponEffect_Num:[StateArg1]%>。每当触发死亡抵抗，所有唤醒体获得  <WeaponEffect_Num:[StateArg2]%> 临时暴击率和暴击伤害。,裝備者の与えるシールドと与える毒が<WeaponEffect_Num:[StateArg1]%>増加する。死亡抵抗を発動するたび、すべての覚醒体が<WeaponEffect_Num:[StateArg2]%>の一時的なクリティカル率と一時的なクリティカルダメージを獲得する。
State_41340_Desc,aXQQ,z状态表_State_A.csv,1955,State,Desc,,队伍唯一：装备者造成的护盾和反击提高 <WeaponEffect_Num:[StateArg1]%>。每当受到攻击时，有 <WeaponEffect_Num:[StateArg2]%> 概率使所有唤醒体获得 1 点狂气。,唯一装備：装備者の与えるシールドと反撃が<WeaponEffect_Num:[StateArg1]%>増加する。攻撃を受けたとき、<WeaponEffect_Num:[StateArg2]%>の確率ですべての覚醒体が1狂気を獲得する。
State_41340_WeaponDesc,aXQS,z状态表_State_A.csv,1955,State,WeaponDesc,,装备者造成的护盾和反击提高 <WeaponEffect_Num:[StateArg1]%>。每当受到攻击时，有 <WeaponEffect_Num:[StateArg2]%> 概率使所有唤醒体获得 1 点狂气。,装備者の与えるシールドと反撃が<WeaponEffect_Num:[StateArg1]%>増加する。攻撃を受けたとき、<WeaponEffect_Num:[StateArg2]%>の確率ですべての覚醒体が1狂気を獲得する。
State_44828_Desc,aXUx,z状态表_State_A.csv,1956,State,Desc,,队伍唯一：回合结束时，装备者获得 [StateArg1] 点狂气。受到攻击伤害时，下回合开始时获得 <WeaponEffect_Num:[StateArg2]%> 伤害的护盾。若当前界域为血肉，不再获得延迟护盾，而是积攒 <WeaponEffect_Num:[StateArg2]%> 伤害的回复量到猩红熔炉。,唯一装備：ターン終了時、装備者は[StateArg1]狂気を獲得する。アクティブダメージを受けたとき、次のターン開始時にダメージの<WeaponEffect_Num:[StateArg2]％>分のシールドを獲得する。現在の界域が「血肉」の場合、シールドの代わりにダメージの<WeaponEffect_Num:[StateArg2]％>を猩紅炉に蓄積する。
State_44828_WeaponDesc,aXUz,z状态表_State_A.csv,1956,State,WeaponDesc,,回合结束时，装备者获得 <WeaponEffect_Num:[StateArg1]> 点狂气。受到攻击伤害时，下回合开始时获得 <WeaponEffect_Num:[Float:StateArg2]%> 伤害的护盾。若当前界域为血肉，不再获得延迟护盾，而是积攒 <WeaponEffect_Num:[Float:StateArg2]%> 伤害的回复量到猩红熔炉。,ターン終了時、装備者は[StateArg1]狂気を獲得する。アクティブダメージを受けたとき、次のターン開始時にダメージの<WeaponEffect_Num:[StateArg2]％>分のシールドを獲得する。現在の界域が「血肉」の場合、シールドの代わりにダメージの<WeaponEffect_Num:[StateArg2]％>を猩紅炉に蓄積する。
State_47557_Desc,aYgS,z状态表_State_A.csv,1958,State,Desc,,"队伍唯一：探索开始后，装备者进入银鳕鱼人格状态。装备者释放狂气爆发后将在银鳕鱼人格和猫咪人格之间切换。
银鳕鱼人格：装备者造成伤害后获得 <WeaponEffect_Num:[StateArg1]> 银钥能量。猫咪人格：装备者造成伤害后，装备者的临时暴击伤害 <WeaponEffect_Num:+[StateArg2]%> 。这两个效果共享每回合最多触发 5 次的机会。",唯一装備：探索開始後、装備者は「銀鱈」人格になり、「狂気解放」を発動した後、「銀鱈」人格と「猫」人格が切り替わる。\n銀鱈人格：装備者がダメージを与えた後、<WeaponEffect_Num:[StateArg1]>キーエネルギーを獲得する。\n猫人格：装備者がダメージを与えた後、一時的なクリティカルダメージが<WeaponEffect_Num:[StateArg2]%>増加する。\nこの効果は毎ターン最大5回まで発動する。
State_47557_WeaponDesc,aYgU,z状态表_State_A.csv,1958,State,WeaponDesc,,"探索开始后，装备者进入银鳕鱼人格状态。装备者释放狂气爆发后将在银鳕鱼人格和猫咪人格之间切换。
银鳕鱼人格：装备者造成伤害后获得 <WeaponEffect_Num:[StateArg1]> 银钥能量。猫咪人格：装备者造成伤害后，装备者的临时暴击伤害 <WeaponEffect_Num:+[StateArg2]%> 。这两个效果共享每回合最多触发 5 次的机会。",探索開始後、装備者は「銀鱈」人格になり、「狂気解放」を発動した後、「銀鱈」人格と「猫」人格が切り替わる。\n銀鱈人格：装備者がダメージを与えた後、<WeaponEffect_Num:[StateArg1]>キーエネルギーを獲得する。\n猫人格：装備者がダメージを与えた後、一時的なクリティカルダメージが<WeaponEffect_Num:[StateArg2]%>増加する。\nこの効果は毎ターン最大5回まで発動する。
State_49542_Desc,aYoK,z状态表_State_A.csv,1965,State,Desc,,队伍唯一：战斗开始后，获得装备者攻击力 <WeaponEffect_Num:[StateArg1]%> 的力量，若当前界域为「深海」，还会提高装备者攻击力 <WeaponEffect_Num:[StateArg2]%> 的触腕伤害。,唯一装備：戦闘開始後、装備者の攻撃力の<WeaponEffect_Num:[StateArg1]%>分の力を獲得する。現在の界域が「深海」の場合、追加で触腕ダメージが攻撃力の<WeaponEffect_Num:[StateArg2]%>分増加する。
State_49542_WeaponDesc,aYoM,z状态表_State_A.csv,1965,State,WeaponDesc,,战斗开始后，获得 <WeaponEffect_Num:[Power:DescArg1]> 点力量，若当前界域为「深海」，还会获得 <WeaponEffect_Num:[DescArg2]> 点触腕伤害。,戦闘開始後、装備者の攻撃力の<WeaponEffect_Num:[StateArg1]%>分の力を獲得する。現在の界域が「深海」の場合、追加で触腕ダメージが攻撃力の<WeaponEffect_Num:[StateArg2]%>分増加する。
State_50021_Desc,aYrE,z状态表_State_A.csv,1966,State,Desc,,队伍唯一：装备者释放狂气爆发后，获得等同于装备者攻击力 <WeaponEffect_Num:[StateArg1]%> 的<PowerIconKeywords:力量>。若当前界域为「血肉」，释放狂气爆发后，胚胎融合 <WeaponEffect_Num:+[StateArg2]%> 。,唯一装備：装備者が「狂気解放」を発動した後、装備者の攻撃力の<WeaponEffect_Num:[StateArg1]%>に等しい<PowerIconKeywords:力>を獲得する。現在の界域が「血肉」の場合、「狂気解放」を発動した後、胚胎融合+<WeaponEffect_Num:+[StateArg2]%>。
State_50021_WeaponDesc,aYrG,z状态表_State_A.csv,1966,State,WeaponDesc,,装备者释放狂气爆发后，获得 <WeaponEffect_Num:[Power:DescArg1]> 点<PowerIconKeywords:力量>。若当前界域为「血肉」，释放狂气爆发后，胚胎融合 <WeaponEffect_Num:+[StateArg2]%> 。,装備者が「狂気解放」を発動した後、装備者の攻撃力の<WeaponEffect_Num:[StateArg1]%>に等しい<PowerIconKeywords:力>を獲得する。現在の界域が「血肉」の場合、「狂気解放」を発動した後、胚胎融合+<WeaponEffect_Num:+[StateArg2]%>。
State_54561_Desc,aYAK,z状态表_State_A.csv,1967,State,Desc,,队伍唯一：装备者造成的伤害数值提高装备者攻击力的 <WeaponEffect_Num:[StateArg1]%>。若当前界域为「血肉」，装备者每当触发了吞噬效果，额外使装备者造成的伤害数值提高装备者攻击力的 3%。,唯一装備：装備者の与えるダメージが、攻撃力の<WeaponEffect_Num:[StateArg1]%>分増加する。現在の界域が「血肉」の場合、装備者が「捕食」効果を発動するたび、追加で装備者の与えるダメージが、攻撃力の3%分増加する。
State_54561_WeaponDesc,aYAM,z状态表_State_A.csv,1967,State,WeaponDesc,,装备者造成的伤害提高 [DescArg1] 点。若当前界域为「血肉」，装备者每当触发了吞噬效果，额外使装备者造成的伤害提高 [DescArg2] 点。,装備者の与えるダメージが、攻撃力の<WeaponEffect_Num:[StateArg1]%>分増加する。現在の界域が「血肉」の場合、装備者が「捕食」効果を発動するたび、追加で装備者の与えるダメージが、攻撃力の3%分増加する。
State_55866_Desc,aYDm,z状态表_State_A.csv,1970,State,Desc,,队伍唯一：战斗开始时抽 1 张装备者的指令卡，并有 <WeaponEffect_Num:[StateArg1]%> 的几率使其算力消耗降低 1。每当触发死亡抵抗，都会重复触发 1 次该效果。,唯一装備：戦闘開始時、装備者の指令カードを1枚引き、<WeaponEffect_Num:[StateArg1]％>の確率でその行動力消費を1減少させる。死亡抵抗が発動するたび、追加で1回この効果が発動する。
State_55866_WeaponDesc,aYDo,z状态表_State_A.csv,1970,State,WeaponDesc,,战斗开始时抽 1 张装备者的指令卡，并有 <WeaponEffect_Num:[StateArg1]%> 的几率使其算力消耗降低 1。每当触发死亡抵抗，都会重复触发 1 次该效果。,戦闘開始時、装備者の指令カードを1枚引き、<WeaponEffect_Num:[StateArg1]％>の確率でその行動力消費を1減少させる。死亡抵抗が発動するたび、追加で1回この効果が発動する。
State_57751_Desc,aYII,z状态表_State_A.csv,1971,State,Desc,,队伍唯一：装备者造成的护盾提高 <WeaponEffect_Num:[StateArg1]%>。释放钥令后所有唤醒体获得 <WeaponEffect_Num:[StateArg2]%> 临时暴击率和暴击伤害，但附加最大生命 3% 的献祭。若当前界域为「深海」，释放钥令后还会使触腕伤害提高装备者攻击力的 <WeaponEffect_Num:[StateArg3]%>。,唯一装備：装備者の与えるシールドが<WeaponEffect_Num:[StateArg1]%>増加する。「キーオーダー」を発動した後、すべての覚醒体が<WeaponEffect_Num:[StateArg2]%>の一時的なクリティカル率とクリティカルダメージを獲得し、最大ライフの3%分の犠牲を獲得する。現在の界域が「深海」の場合、「キーオーダー」を発動した後、触腕ダメージが攻撃力の<WeaponEffect_Num:[StateArg3]%>分増加する。
State_57751_WeaponDesc,aYIK,z状态表_State_A.csv,1971,State,WeaponDesc,,装备者造成的护盾提高 <WeaponEffect_Num:[StateArg1]%>。释放钥令后所有唤醒体获得 <WeaponEffect_Num:[StateArg2]%> 临时暴击率和暴击伤害，但附加 [DescArg1] 点献祭。若当前界域为「深海」，释放钥令后还会使触腕伤害提高 [DescArg2] 点。,装備者の与えるシールドが<WeaponEffect_Num:[StateArg1]%>増加する。「キーオーダー」を発動した後、すべての覚醒体が<WeaponEffect_Num:[StateArg2]%>の一時的なクリティカル率とクリティカルダメージを獲得し、最大ライフの3%分の犠牲を獲得する。現在の界域が「深海」の場合、「キーオーダー」を発動した後、触腕ダメージが攻撃力の<WeaponEffect_Num:[StateArg3]%>分増加する。
State_58259_Desc,aYLR,z状态表_State_A.csv,1972,State,Desc,,队伍唯一：装备者暴击率提高 <WeaponEffect_Num:[StateArg1]%>。装备者击杀敌人后获得 <WeaponEffect_Num:[StateArg2]> 点黑印，在探索中最多触发 3 次。触发 3 次后本次探索中装备者永久提高 <WeaponEffect_Num:[StateArg3]%> 暴击率。,唯一装備：装備者のクリティカル率が<WeaponEffect_Num:[StateArg1]％>増加する。装備者が敵を撃破すると<WeaponEffect_Num:[StateArg2]>黒章を獲得し、探索中最大3回まで発動する。3回発動した後、その探索中は装備者のクリティカル率が永続的に<WeaponEffect_Num:[StateArg3]％>増加する。
State_58259_WeaponDesc,aYLT,z状态表_State_A.csv,1972,State,WeaponDesc,,装备者暴击率提高 <WeaponEffect_Num:[StateArg1]%>。装备者击杀敌人后获得 <WeaponEffect_Num:[StateArg2]> 点黑印，在探索中最多触发 3 次([DescArg1]/3)。触发 3 次后本次探索中装备者永久提高 <WeaponEffect_Num:[StateArg3]%> 暴击率。,装備者のクリティカル率が<WeaponEffect_Num:[StateArg1]％>増加する。装備者が敵を撃破すると<WeaponEffect_Num:[StateArg2]>黒章を獲得し、探索中最大3回まで発動する。3回発動した後、その探索中は装備者のクリティカル率が永続的に<WeaponEffect_Num:[StateArg3]％>増加する。
State_60594_Desc,aYYv,z状态表_State_A.csv,1975,State,Desc,,队伍唯一：回合结束后，装备者获得 5 点狂气。装备者释放狂气爆发后，本回合打出的下一张装备者的指令卡暴击率、暴击伤害、护盾、回复生命提高 <WeaponEffect_Num:[StateArg1]%>。,唯一装備：ターン終了後、装備者は5狂気を獲得する。装備者が「狂気解放」を発動した後、このターンで次に使用する装備者の指令カードのクリティカル率、クリティカルダメージ、シールド、ライフ回復が<WeaponEffect_Num:[StateArg1]%>増加する。
State_60594_WeaponDesc,aYYx,z状态表_State_A.csv,1975,State,WeaponDesc,,回合结束后，装备者获得 5 点狂气。装备者释放狂气爆发后，本回合打出的下一张装备者的指令卡暴击率、暴击伤害、护盾、回复生命提高 <WeaponEffect_Num:[StateArg1]%>。,ターン終了後、装備者は5狂気を獲得する。装備者が「狂気解放」を発動した後、このターンで次に使用する装備者の指令カードのクリティカル率、クリティカルダメージ、シールド、ライフ回復が<WeaponEffect_Num:[StateArg1]%>増加する。
